# Hybrid hydrogen airship reference geometry
v -61.911768 0.000000 0.000000
v 61.911768 0.000000 0.000000
v -59.097597 3.926331 0.000000
v -59.097597 3.901643 0.439610
v -59.097597 3.827890 0.873691
v -59.097597 3.705998 1.296785
v -59.097597 3.537502 1.703571
v -59.097597 3.324519 2.088934
v -59.097597 3.069729 2.448027
v -59.097597 2.776335 2.776335
v -59.097597 2.448027 3.069729
v -59.097597 2.088934 3.324519
v -59.097597 1.703571 3.537502
v -59.097597 1.296785 3.705998
v -59.097597 0.873691 3.827890
v -59.097597 0.439610 3.901643
v -59.097597 0.000000 3.926331
v -59.097597 -0.439610 3.901643
v -59.097597 -0.873691 3.827890
v -59.097597 -1.296785 3.705998
v -59.097597 -1.703571 3.537502
v -59.097597 -2.088934 3.324519
v -59.097597 -2.448027 3.069729
v -59.097597 -2.776335 2.776335
v -59.097597 -3.069729 2.448027
v -59.097597 -3.324519 2.088934
v -59.097597 -3.537502 1.703571
v -59.097597 -3.705998 1.296785
v -59.097597 -3.827890 0.873691
v -59.097597 -3.901643 0.439610
v -59.097597 -3.926331 0.000000
v -59.097597 -3.901643 -0.439610
v -59.097597 -3.827890 -0.873691
v -59.097597 -3.705998 -1.296785
v -59.097597 -3.537502 -1.703571
v -59.097597 -3.324519 -2.088934
v -59.097597 -3.069729 -2.448027
v -59.097597 -2.776335 -2.776335
v -59.097597 -2.448027 -3.069729
v -59.097597 -2.088934 -3.324519
v -59.097597 -1.703571 -3.537502
v -59.097597 -1.296785 -3.705998
v -59.097597 -0.873691 -3.827890
v -59.097597 -0.439610 -3.901643
v -59.097597 -0.000000 -3.926331
v -59.097597 0.439610 -3.901643
v -59.097597 0.873691 -3.827890
v -59.097597 1.296785 -3.705998
v -59.097597 1.703571 -3.537502
v -59.097597 2.088934 -3.324519
v -59.097597 2.448027 -3.069729
v -59.097597 2.776335 -2.776335
v -59.097597 3.069729 -2.448027
v -59.097597 3.324519 -2.088934
v -59.097597 3.537502 -1.703571
v -59.097597 3.705998 -1.296785
v -59.097597 3.827890 -0.873691
v -59.097597 3.901643 -0.439610
v -56.283426 5.487725 0.000000
v -56.283426 5.453219 0.614430
v -56.283426 5.350136 1.221134
v -56.283426 5.179772 1.812481
v -56.283426 4.944269 2.381034
v -56.283426 4.646589 2.919646
v -56.283426 4.290476 3.421540
v -56.283426 3.880407 3.880407
v -56.283426 3.421540 4.290476
v -56.283426 2.919646 4.646589
v -56.283426 2.381034 4.944269
v -56.283426 1.812481 5.179772
v -56.283426 1.221134 5.350136
v -56.283426 0.614430 5.453219
v -56.283426 0.000000 5.487725
v -56.283426 -0.614430 5.453219
v -56.283426 -1.221134 5.350136
v -56.283426 -1.812481 5.179772
v -56.283426 -2.381034 4.944269
v -56.283426 -2.919646 4.646589
v -56.283426 -3.421540 4.290476
v -56.283426 -3.880407 3.880407
v -56.283426 -4.290476 3.421540
v -56.283426 -4.646589 2.919646
v -56.283426 -4.944269 2.381034
v -56.283426 -5.179772 1.812481
v -56.283426 -5.350136 1.221134
v -56.283426 -5.453219 0.614430
v -56.283426 -5.487725 0.000000
v -56.283426 -5.453219 -0.614430
v -56.283426 -5.350136 -1.221134
v -56.283426 -5.179772 -1.812481
v -56.283426 -4.944269 -2.381034
v -56.283426 -4.646589 -2.919646
v -56.283426 -4.290476 -3.421540
v -56.283426 -3.880407 -3.880407
v -56.283426 -3.421540 -4.290476
v -56.283426 -2.919646 -4.646589
v -56.283426 -2.381034 -4.944269
v -56.283426 -1.812481 -5.179772
v -56.283426 -1.221134 -5.350136
v -56.283426 -0.614430 -5.453219
v -56.283426 -0.000000 -5.487725
v -56.283426 0.614430 -5.453219
v -56.283426 1.221134 -5.350136
v -56.283426 1.812481 -5.179772
v -56.283426 2.381034 -4.944269
v -56.283426 2.919646 -4.646589
v -56.283426 3.421540 -4.290476
v -56.283426 3.880407 -3.880407
v -56.283426 4.290476 -3.421540
v -56.283426 4.646589 -2.919646
v -56.283426 4.944269 -2.381034
v -56.283426 5.179772 -1.812481
v -56.283426 5.350136 -1.221134
v -56.283426 5.453219 -0.614430
v -53.469254 6.640568 0.000000
v -53.469254 6.598813 0.743508
v -53.469254 6.474075 1.477665
v -53.469254 6.267921 2.193241
v -53.469254 5.982945 2.881234
v -53.469254 5.622730 3.532995
v -53.469254 5.191805 4.140326
v -53.469254 4.695591 4.695591
v -53.469254 4.140326 5.191805
v -53.469254 3.532995 5.622730
v -53.469254 2.881234 5.982945
v -53.469254 2.193241 6.267921
v -53.469254 1.477665 6.474075
v -53.469254 0.743508 6.598813
v -53.469254 0.000000 6.640568
v -53.469254 -0.743508 6.598813
v -53.469254 -1.477665 6.474075
v -53.469254 -2.193241 6.267921
v -53.469254 -2.881234 5.982945
v -53.469254 -3.532995 5.622730
v -53.469254 -4.140326 5.191805
v -53.469254 -4.695591 4.695591
v -53.469254 -5.191805 4.140326
v -53.469254 -5.622730 3.532995
v -53.469254 -5.982945 2.881234
v -53.469254 -6.267921 2.193241
v -53.469254 -6.474075 1.477665
v -53.469254 -6.598813 0.743508
v -53.469254 -6.640568 0.000000
v -53.469254 -6.598813 -0.743508
v -53.469254 -6.474075 -1.477665
v -53.469254 -6.267921 -2.193241
v -53.469254 -5.982945 -2.881234
v -53.469254 -5.622730 -3.532995
v -53.469254 -5.191805 -4.140326
v -53.469254 -4.695591 -4.695591
v -53.469254 -4.140326 -5.191805
v -53.469254 -3.532995 -5.622730
v -53.469254 -2.881234 -5.982945
v -53.469254 -2.193241 -6.267921
v -53.469254 -1.477665 -6.474075
v -53.469254 -0.743508 -6.598813
v -53.469254 -0.000000 -6.640568
v -53.469254 0.743508 -6.598813
v -53.469254 1.477665 -6.474075
v -53.469254 2.193241 -6.267921
v -53.469254 2.881234 -5.982945
v -53.469254 3.532995 -5.622730
v -53.469254 4.140326 -5.191805
v -53.469254 4.695591 -4.695591
v -53.469254 5.191805 -4.140326
v -53.469254 5.622730 -3.532995
v -53.469254 5.982945 -2.881234
v -53.469254 6.267921 -2.193241
v -53.469254 6.474075 -1.477665
v -53.469254 6.598813 -0.743508
v -50.655083 7.573780 0.000000
v -50.655083 7.526157 0.847994
v -50.655083 7.383889 1.685324
v -50.655083 7.148764 2.501461
v -50.655083 6.823740 3.286140
v -50.655083 6.412902 4.029494
v -50.655083 5.921419 4.722174
v -50.655083 5.355471 5.355471
v -50.655083 4.722174 5.921419
v -50.655083 4.029494 6.412902
v -50.655083 3.286140 6.823740
v -50.655083 2.501461 7.148764
v -50.655083 1.685324 7.383889
v -50.655083 0.847994 7.526157
v -50.655083 0.000000 7.573780
v -50.655083 -0.847994 7.526157
v -50.655083 -1.685324 7.383889
v -50.655083 -2.501461 7.148764
v -50.655083 -3.286140 6.823740
v -50.655083 -4.029494 6.412902
v -50.655083 -4.722174 5.921419
v -50.655083 -5.355471 5.355471
v -50.655083 -5.921419 4.722174
v -50.655083 -6.412902 4.029494
v -50.655083 -6.823740 3.286140
v -50.655083 -7.148764 2.501461
v -50.655083 -7.383889 1.685324
v -50.655083 -7.526157 0.847994
v -50.655083 -7.573780 0.000000
v -50.655083 -7.526157 -0.847994
v -50.655083 -7.383889 -1.685324
v -50.655083 -7.148764 -2.501461
v -50.655083 -6.823740 -3.286140
v -50.655083 -6.412902 -4.029494
v -50.655083 -5.921419 -4.722174
v -50.655083 -5.355471 -5.355471
v -50.655083 -4.722174 -5.921419
v -50.655083 -4.029494 -6.412902
v -50.655083 -3.286140 -6.823740
v -50.655083 -2.501461 -7.148764
v -50.655083 -1.685324 -7.383889
v -50.655083 -0.847994 -7.526157
v -50.655083 -0.000000 -7.573780
v -50.655083 0.847994 -7.526157
v -50.655083 1.685324 -7.383889
v -50.655083 2.501461 -7.148764
v -50.655083 3.286140 -6.823740
v -50.655083 4.029494 -6.412902
v -50.655083 4.722174 -5.921419
v -50.655083 5.355471 -5.355471
v -50.655083 5.921419 -4.722174
v -50.655083 6.412902 -4.029494
v -50.655083 6.823740 -3.286140
v -50.655083 7.148764 -2.501461
v -50.655083 7.383889 -1.685324
v -50.655083 7.526157 -0.847994
v -47.840912 8.361226 0.000000
v -47.840912 8.308653 0.936160
v -47.840912 8.151593 1.860548
v -47.840912 7.892022 2.761538
v -47.840912 7.533205 3.627800
v -47.840912 7.079653 4.448441
v -47.840912 6.537070 5.213139
v -47.840912 5.912280 5.912280
v -47.840912 5.213139 6.537070
v -47.840912 4.448441 7.079653
v -47.840912 3.627800 7.533205
v -47.840912 2.761538 7.892022
v -47.840912 1.860548 8.151593
v -47.840912 0.936160 8.308653
v -47.840912 0.000000 8.361226
v -47.840912 -0.936160 8.308653
v -47.840912 -1.860548 8.151593
v -47.840912 -2.761538 7.892022
v -47.840912 -3.627800 7.533205
v -47.840912 -4.448441 7.079653
v -47.840912 -5.213139 6.537070
v -47.840912 -5.912280 5.912280
v -47.840912 -6.537070 5.213139
v -47.840912 -7.079653 4.448441
v -47.840912 -7.533205 3.627800
v -47.840912 -7.892022 2.761538
v -47.840912 -8.151593 1.860548
v -47.840912 -8.308653 0.936160
v -47.840912 -8.361226 0.000000
v -47.840912 -8.308653 -0.936160
v -47.840912 -8.151593 -1.860548
v -47.840912 -7.892022 -2.761538
v -47.840912 -7.533205 -3.627800
v -47.840912 -7.079653 -4.448441
v -47.840912 -6.537070 -5.213139
v -47.840912 -5.912280 -5.912280
v -47.840912 -5.213139 -6.537070
v -47.840912 -4.448441 -7.079653
v -47.840912 -3.627800 -7.533205
v -47.840912 -2.761538 -7.892022
v -47.840912 -1.860548 -8.151593
v -47.840912 -0.936160 -8.308653
v -47.840912 -0.000000 -8.361226
v -47.840912 0.936160 -8.308653
v -47.840912 1.860548 -8.151593
v -47.840912 2.761538 -7.892022
v -47.840912 3.627800 -7.533205
v -47.840912 4.448441 -7.079653
v -47.840912 5.213139 -6.537070
v -47.840912 5.912280 -5.912280
v -47.840912 6.537070 -5.213139
v -47.840912 7.079653 -4.448441
v -47.840912 7.533205 -3.627800
v -47.840912 7.892022 -2.761538
v -47.840912 8.151593 -1.860548
v -47.840912 8.308653 -0.936160
v -45.026740 9.041075 0.000000
v -45.026740 8.984227 1.012279
v -45.026740 8.814397 2.011829
v -45.026740 8.533720 2.986078
v -45.026740 8.145727 3.922776
v -45.026740 7.655297 4.810142
v -45.026740 7.068597 5.637018
v -45.026740 6.393006 6.393006
v -45.026740 5.637018 7.068597
v -45.026740 4.810142 7.655297
v -45.026740 3.922776 8.145727
v -45.026740 2.986078 8.533720
v -45.026740 2.011829 8.814397
v -45.026740 1.012279 8.984227
v -45.026740 0.000000 9.041075
v -45.026740 -1.012279 8.984227
v -45.026740 -2.011829 8.814397
v -45.026740 -2.986078 8.533720
v -45.026740 -3.922776 8.145727
v -45.026740 -4.810142 7.655297
v -45.026740 -5.637018 7.068597
v -45.026740 -6.393006 6.393006
v -45.026740 -7.068597 5.637018
v -45.026740 -7.655297 4.810142
v -45.026740 -8.145727 3.922776
v -45.026740 -8.533720 2.986078
v -45.026740 -8.814397 2.011829
v -45.026740 -8.984227 1.012279
v -45.026740 -9.041075 0.000000
v -45.026740 -8.984227 -1.012279
v -45.026740 -8.814397 -2.011829
v -45.026740 -8.533720 -2.986078
v -45.026740 -8.145727 -3.922776
v -45.026740 -7.655297 -4.810142
v -45.026740 -7.068597 -5.637018
v -45.026740 -6.393006 -6.393006
v -45.026740 -5.637018 -7.068597
v -45.026740 -4.810142 -7.655297
v -45.026740 -3.922776 -8.145727
v -45.026740 -2.986078 -8.533720
v -45.026740 -2.011829 -8.814397
v -45.026740 -1.012279 -8.984227
v -45.026740 -0.000000 -9.041075
v -45.026740 1.012279 -8.984227
v -45.026740 2.011829 -8.814397
v -45.026740 2.986078 -8.533720
v -45.026740 3.922776 -8.145727
v -45.026740 4.810142 -7.655297
v -45.026740 5.637018 -7.068597
v -45.026740 6.393006 -6.393006
v -45.026740 7.068597 -5.637018
v -45.026740 7.655297 -4.810142
v -45.026740 8.145727 -3.922776
v -45.026740 8.533720 -2.986078
v -45.026740 8.814397 -2.011829
v -45.026740 8.984227 -1.012279
v -42.212569 9.636128 0.000000
v -42.212569 9.575538 1.078904
v -42.212569 9.394530 2.144240
v -42.212569 9.095380 3.182611
v -42.212569 8.681851 4.180959
v -42.212569 8.159143 5.126729
v -42.212569 7.533828 6.008027
v -42.212569 6.813771 6.813771
v -42.212569 6.008027 7.533828
v -42.212569 5.126729 8.159143
v -42.212569 4.180959 8.681851
v -42.212569 3.182611 9.095380
v -42.212569 2.144240 9.394530
v -42.212569 1.078904 9.575538
v -42.212569 0.000000 9.636128
v -42.212569 -1.078904 9.575538
v -42.212569 -2.144240 9.394530
v -42.212569 -3.182611 9.095380
v -42.212569 -4.180959 8.681851
v -42.212569 -5.126729 8.159143
v -42.212569 -6.008027 7.533828
v -42.212569 -6.813771 6.813771
v -42.212569 -7.533828 6.008027
v -42.212569 -8.159143 5.126729
v -42.212569 -8.681851 4.180959
v -42.212569 -9.095380 3.182611
v -42.212569 -9.394530 2.144240
v -42.212569 -9.575538 1.078904
v -42.212569 -9.636128 0.000000
v -42.212569 -9.575538 -1.078904
v -42.212569 -9.394530 -2.144240
v -42.212569 -9.095380 -3.182611
v -42.212569 -8.681851 -4.180959
v -42.212569 -8.159143 -5.126729
v -42.212569 -7.533828 -6.008027
v -42.212569 -6.813771 -6.813771
v -42.212569 -6.008027 -7.533828
v -42.212569 -5.126729 -8.159143
v -42.212569 -4.180959 -8.681851
v -42.212569 -3.182611 -9.095380
v -42.212569 -2.144240 -9.394530
v -42.212569 -1.078904 -9.575538
v -42.212569 -0.000000 -9.636128
v -42.212569 1.078904 -9.575538
v -42.212569 2.144240 -9.394530
v -42.212569 3.182611 -9.095380
v -42.212569 4.180959 -8.681851
v -42.212569 5.126729 -8.159143
v -42.212569 6.008027 -7.533828
v -42.212569 6.813771 -6.813771
v -42.212569 7.533828 -6.008027
v -42.212569 8.159143 -5.126729
v -42.212569 8.681851 -4.180959
v -42.212569 9.095380 -3.182611
v -42.212569 9.394530 -2.144240
v -42.212569 9.575538 -1.078904
v -39.398398 10.161292 0.000000
v -39.398398 10.097399 1.137704
v -39.398398 9.906527 2.261100
v -39.398398 9.591074 3.356062
v -39.398398 9.155007 4.408819
v -39.398398 8.603811 5.406133
v -39.398398 7.944418 6.335462
v -39.398398 7.185118 7.185118
v -39.398398 6.335462 7.944418
v -39.398398 5.406133 8.603811
v -39.398398 4.408819 9.155007
v -39.398398 3.356062 9.591074
v -39.398398 2.261100 9.906527
v -39.398398 1.137704 10.097399
v -39.398398 0.000000 10.161292
v -39.398398 -1.137704 10.097399
v -39.398398 -2.261100 9.906527
v -39.398398 -3.356062 9.591074
v -39.398398 -4.408819 9.155007
v -39.398398 -5.406133 8.603811
v -39.398398 -6.335462 7.944418
v -39.398398 -7.185118 7.185118
v -39.398398 -7.944418 6.335462
v -39.398398 -8.603811 5.406133
v -39.398398 -9.155007 4.408819
v -39.398398 -9.591074 3.356062
v -39.398398 -9.906527 2.261100
v -39.398398 -10.097399 1.137704
v -39.398398 -10.161292 0.000000
v -39.398398 -10.097399 -1.137704
v -39.398398 -9.906527 -2.261100
v -39.398398 -9.591074 -3.356062
v -39.398398 -9.155007 -4.408819
v -39.398398 -8.603811 -5.406133
v -39.398398 -7.944418 -6.335462
v -39.398398 -7.185118 -7.185118
v -39.398398 -6.335462 -7.944418
v -39.398398 -5.406133 -8.603811
v -39.398398 -4.408819 -9.155007
v -39.398398 -3.356062 -9.591074
v -39.398398 -2.261100 -9.906527
v -39.398398 -1.137704 -10.097399
v -39.398398 -0.000000 -10.161292
v -39.398398 1.137704 -10.097399
v -39.398398 2.261100 -9.906527
v -39.398398 3.356062 -9.591074
v -39.398398 4.408819 -9.155007
v -39.398398 5.406133 -8.603811
v -39.398398 6.335462 -7.944418
v -39.398398 7.185118 -7.185118
v -39.398398 7.944418 -6.335462
v -39.398398 8.603811 -5.406133
v -39.398398 9.155007 -4.408819
v -39.398398 9.591074 -3.356062
v -39.398398 9.906527 -2.261100
v -39.398398 10.097399 -1.137704
v -36.584227 10.626933 0.000000
v -36.584227 10.560113 1.189839
v -36.584227 10.360494 2.364715
v -36.584227 10.030585 3.509853
v -36.584227 9.574536 4.610853
v -36.584227 8.998081 5.653869
v -36.584227 8.308471 6.625784
v -36.584227 7.514376 7.514376
v -36.584227 6.625784 8.308471
v -36.584227 5.653869 8.998081
v -36.584227 4.610853 9.574536
v -36.584227 3.509853 10.030585
v -36.584227 2.364715 10.360494
v -36.584227 1.189839 10.560113
v -36.584227 0.000000 10.626933
v -36.584227 -1.189839 10.560113
v -36.584227 -2.364715 10.360494
v -36.584227 -3.509853 10.030585
v -36.584227 -4.610853 9.574536
v -36.584227 -5.653869 8.998081
v -36.584227 -6.625784 8.308471
v -36.584227 -7.514376 7.514376
v -36.584227 -8.308471 6.625784
v -36.584227 -8.998081 5.653869
v -36.584227 -9.574536 4.610853
v -36.584227 -10.030585 3.509853
v -36.584227 -10.360494 2.364715
v -36.584227 -10.560113 1.189839
v -36.584227 -10.626933 0.000000
v -36.584227 -10.560113 -1.189839
v -36.584227 -10.360494 -2.364715
v -36.584227 -10.030585 -3.509853
v -36.584227 -9.574536 -4.610853
v -36.584227 -8.998081 -5.653869
v -36.584227 -8.308471 -6.625784
v -36.584227 -7.514376 -7.514376
v -36.584227 -6.625784 -8.308471
v -36.584227 -5.653869 -8.998081
v -36.584227 -4.610853 -9.574536
v -36.584227 -3.509853 -10.030585
v -36.584227 -2.364715 -10.360494
v -36.584227 -1.189839 -10.560113
v -36.584227 -0.000000 -10.626933
v -36.584227 1.189839 -10.560113
v -36.584227 2.364715 -10.360494
v -36.584227 3.509853 -10.030585
v -36.584227 4.610853 -9.574536
v -36.584227 5.653869 -8.998081
v -36.584227 6.625784 -8.308471
v -36.584227 7.514376 -7.514376
v -36.584227 8.308471 -6.625784
v -36.584227 8.998081 -5.653869
v -36.584227 9.574536 -4.610853
v -36.584227 10.030585 -3.509853
v -36.584227 10.360494 -2.364715
v -36.584227 10.560113 -1.189839
v -33.770055 11.040586 0.000000
v -33.770055 10.971165 1.236153
v -33.770055 10.763775 2.456762
v -33.770055 10.421025 3.646474
v -33.770055 9.947224 4.790331
v -33.770055 9.348331 5.873946
v -33.770055 8.631878 6.883693
v -33.770055 7.806873 7.806873
v -33.770055 6.883693 8.631878
v -33.770055 5.873946 9.348331
v -33.770055 4.790331 9.947224
v -33.770055 3.646474 10.421025
v -33.770055 2.456762 10.763775
v -33.770055 1.236153 10.971165
v -33.770055 0.000000 11.040586
v -33.770055 -1.236153 10.971165
v -33.770055 -2.456762 10.763775
v -33.770055 -3.646474 10.421025
v -33.770055 -4.790331 9.947224
v -33.770055 -5.873946 9.348331
v -33.770055 -6.883693 8.631878
v -33.770055 -7.806873 7.806873
v -33.770055 -8.631878 6.883693
v -33.770055 -9.348331 5.873946
v -33.770055 -9.947224 4.790331
v -33.770055 -10.421025 3.646474
v -33.770055 -10.763775 2.456762
v -33.770055 -10.971165 1.236153
v -33.770055 -11.040586 0.000000
v -33.770055 -10.971165 -1.236153
v -33.770055 -10.763775 -2.456762
v -33.770055 -10.421025 -3.646474
v -33.770055 -9.947224 -4.790331
v -33.770055 -9.348331 -5.873946
v -33.770055 -8.631878 -6.883693
v -33.770055 -7.806873 -7.806873
v -33.770055 -6.883693 -8.631878
v -33.770055 -5.873946 -9.348331
v -33.770055 -4.790331 -9.947224
v -33.770055 -3.646474 -10.421025
v -33.770055 -2.456762 -10.763775
v -33.770055 -1.236153 -10.971165
v -33.770055 -0.000000 -11.040586
v -33.770055 1.236153 -10.971165
v -33.770055 2.456762 -10.763775
v -33.770055 3.646474 -10.421025
v -33.770055 4.790331 -9.947224
v -33.770055 5.873946 -9.348331
v -33.770055 6.883693 -8.631878
v -33.770055 7.806873 -7.806873
v -33.770055 8.631878 -6.883693
v -33.770055 9.348331 -5.873946
v -33.770055 9.947224 -4.790331
v -33.770055 10.421025 -3.646474
v -33.770055 10.763775 -2.456762
v -33.770055 10.971165 -1.236153
v -30.955884 11.407907 0.000000
v -30.955884 11.336177 1.277280
v -30.955884 11.121887 2.538498
v -30.955884 10.767733 3.767793
v -30.955884 10.278169 4.949705
v -30.955884 9.659351 6.069373
v -30.955884 8.919061 7.112714
v -30.955884 8.066609 8.066609
v -30.955884 7.112714 8.919061
v -30.955884 6.069373 9.659351
v -30.955884 4.949705 10.278169
v -30.955884 3.767793 10.767733
v -30.955884 2.538498 11.121887
v -30.955884 1.277280 11.336177
v -30.955884 0.000000 11.407907
v -30.955884 -1.277280 11.336177
v -30.955884 -2.538498 11.121887
v -30.955884 -3.767793 10.767733
v -30.955884 -4.949705 10.278169
v -30.955884 -6.069373 9.659351
v -30.955884 -7.112714 8.919061
v -30.955884 -8.066609 8.066609
v -30.955884 -8.919061 7.112714
v -30.955884 -9.659351 6.069373
v -30.955884 -10.278169 4.949705
v -30.955884 -10.767733 3.767793
v -30.955884 -11.121887 2.538498
v -30.955884 -11.336177 1.277280
v -30.955884 -11.407907 0.000000
v -30.955884 -11.336177 -1.277280
v -30.955884 -11.121887 -2.538498
v -30.955884 -10.767733 -3.767793
v -30.955884 -10.278169 -4.949705
v -30.955884 -9.659351 -6.069373
v -30.955884 -8.919061 -7.112714
v -30.955884 -8.066609 -8.066609
v -30.955884 -7.112714 -8.919061
v -30.955884 -6.069373 -9.659351
v -30.955884 -4.949705 -10.278169
v -30.955884 -3.767793 -10.767733
v -30.955884 -2.538498 -11.121887
v -30.955884 -1.277280 -11.336177
v -30.955884 -0.000000 -11.407907
v -30.955884 1.277280 -11.336177
v -30.955884 2.538498 -11.121887
v -30.955884 3.767793 -10.767733
v -30.955884 4.949705 -10.278169
v -30.955884 6.069373 -9.659351
v -30.955884 7.112714 -8.919061
v -30.955884 8.066609 -8.066609
v -30.955884 8.919061 -7.112714
v -30.955884 9.659351 -6.069373
v -30.955884 10.278169 -4.949705
v -30.955884 10.767733 -3.767793
v -30.955884 11.121887 -2.538498
v -30.955884 11.336177 -1.277280
v -28.141713 11.733249 0.000000
v -28.141713 11.659473 1.313707
v -28.141713 11.439072 2.610893
v -28.141713 11.074818 3.875246
v -28.141713 10.571292 5.090866
v -28.141713 9.934826 6.242465
v -28.141713 9.173423 7.315561
v -28.141713 8.296660 8.296660
v -28.141713 7.315561 9.173423
v -28.141713 6.242465 9.934826
v -28.141713 5.090866 10.571292
v -28.141713 3.875246 11.074818
v -28.141713 2.610893 11.439072
v -28.141713 1.313707 11.659473
v -28.141713 0.000000 11.733249
v -28.141713 -1.313707 11.659473
v -28.141713 -2.610893 11.439072
v -28.141713 -3.875246 11.074818
v -28.141713 -5.090866 10.571292
v -28.141713 -6.242465 9.934826
v -28.141713 -7.315561 9.173423
v -28.141713 -8.296660 8.296660
v -28.141713 -9.173423 7.315561
v -28.141713 -9.934826 6.242465
v -28.141713 -10.571292 5.090866
v -28.141713 -11.074818 3.875246
v -28.141713 -11.439072 2.610893
v -28.141713 -11.659473 1.313707
v -28.141713 -11.733249 0.000000
v -28.141713 -11.659473 -1.313707
v -28.141713 -11.439072 -2.610893
v -28.141713 -11.074818 -3.875246
v -28.141713 -10.571292 -5.090866
v -28.141713 -9.934826 -6.242465
v -28.141713 -9.173423 -7.315561
v -28.141713 -8.296660 -8.296660
v -28.141713 -7.315561 -9.173423
v -28.141713 -6.242465 -9.934826
v -28.141713 -5.090866 -10.571292
v -28.141713 -3.875246 -11.074818
v -28.141713 -2.610893 -11.439072
v -28.141713 -1.313707 -11.659473
v -28.141713 -0.000000 -11.733249
v -28.141713 1.313707 -11.659473
v -28.141713 2.610893 -11.439072
v -28.141713 3.875246 -11.074818
v -28.141713 5.090866 -10.571292
v -28.141713 6.242465 -9.934826
v -28.141713 7.315561 -9.173423
v -28.141713 8.296660 -8.296660
v -28.141713 9.173423 -7.315561
v -28.141713 9.934826 -6.242465
v -28.141713 10.571292 -5.090866
v -28.141713 11.074818 -3.875246
v -28.141713 11.439072 -2.610893
v -28.141713 11.659473 -1.313707
v -25.327541 12.020020 0.000000
v -25.327541 11.944441 1.345815
v -25.327541 11.718653 2.674706
v -25.327541 11.345497 3.969961
v -25.327541 10.829664 5.215291
v -25.327541 10.177642 6.395036
v -25.327541 9.397630 7.494360
v -25.327541 8.499438 8.499438
v -25.327541 7.494360 9.397630
v -25.327541 6.395036 10.177642
v -25.327541 5.215291 10.829664
v -25.327541 3.969961 11.345497
v -25.327541 2.674706 11.718653
v -25.327541 1.345815 11.944441
v -25.327541 0.000000 12.020020
v -25.327541 -1.345815 11.944441
v -25.327541 -2.674706 11.718653
v -25.327541 -3.969961 11.345497
v -25.327541 -5.215291 10.829664
v -25.327541 -6.395036 10.177642
v -25.327541 -7.494360 9.397630
v -25.327541 -8.499438 8.499438
v -25.327541 -9.397630 7.494360
v -25.327541 -10.177642 6.395036
v -25.327541 -10.829664 5.215291
v -25.327541 -11.345497 3.969961
v -25.327541 -11.718653 2.674706
v -25.327541 -11.944441 1.345815
v -25.327541 -12.020020 0.000000
v -25.327541 -11.944441 -1.345815
v -25.327541 -11.718653 -2.674706
v -25.327541 -11.345497 -3.969961
v -25.327541 -10.829664 -5.215291
v -25.327541 -10.177642 -6.395036
v -25.327541 -9.397630 -7.494360
v -25.327541 -8.499438 -8.499438
v -25.327541 -7.494360 -9.397630
v -25.327541 -6.395036 -10.177642
v -25.327541 -5.215291 -10.829664
v -25.327541 -3.969961 -11.345497
v -25.327541 -2.674706 -11.718653
v -25.327541 -1.345815 -11.944441
v -25.327541 -0.000000 -12.020020
v -25.327541 1.345815 -11.944441
v -25.327541 2.674706 -11.718653
v -25.327541 3.969961 -11.345497
v -25.327541 5.215291 -10.829664
v -25.327541 6.395036 -10.177642
v -25.327541 7.494360 -9.397630
v -25.327541 8.499438 -8.499438
v -25.327541 9.397630 -7.494360
v -25.327541 10.177642 -6.395036
v -25.327541 10.829664 -5.215291
v -25.327541 11.345497 -3.969961
v -25.327541 11.718653 -2.674706
v -25.327541 11.944441 -1.345815
v -22.513370 12.270925 0.000000
v -22.513370 12.193768 1.373908
v -22.513370 11.963268 2.730538
v -22.513370 11.582322 4.052830
v -22.513370 11.055722 5.324155
v -22.513370 10.390089 6.528526
v -22.513370 9.593796 7.650797
v -22.513370 8.676855 8.676855
v -22.513370 7.650797 9.593796
v -22.513370 6.528526 10.390089
v -22.513370 5.324155 11.055722
v -22.513370 4.052830 11.582322
v -22.513370 2.730538 11.963268
v -22.513370 1.373908 12.193768
v -22.513370 0.000000 12.270925
v -22.513370 -1.373908 12.193768
v -22.513370 -2.730538 11.963268
v -22.513370 -4.052830 11.582322
v -22.513370 -5.324155 11.055722
v -22.513370 -6.528526 10.390089
v -22.513370 -7.650797 9.593796
v -22.513370 -8.676855 8.676855
v -22.513370 -9.593796 7.650797
v -22.513370 -10.390089 6.528526
v -22.513370 -11.055722 5.324155
v -22.513370 -11.582322 4.052830
v -22.513370 -11.963268 2.730538
v -22.513370 -12.193768 1.373908
v -22.513370 -12.270925 0.000000
v -22.513370 -12.193768 -1.373908
v -22.513370 -11.963268 -2.730538
v -22.513370 -11.582322 -4.052830
v -22.513370 -11.055722 -5.324155
v -22.513370 -10.390089 -6.528526
v -22.513370 -9.593796 -7.650797
v -22.513370 -8.676855 -8.676855
v -22.513370 -7.650797 -9.593796
v -22.513370 -6.528526 -10.390089
v -22.513370 -5.324155 -11.055722
v -22.513370 -4.052830 -11.582322
v -22.513370 -2.730538 -11.963268
v -22.513370 -1.373908 -12.193768
v -22.513370 -0.000000 -12.270925
v -22.513370 1.373908 -12.193768
v -22.513370 2.730538 -11.963268
v -22.513370 4.052830 -11.582322
v -22.513370 5.324155 -11.055722
v -22.513370 6.528526 -10.390089
v -22.513370 7.650797 -9.593796
v -22.513370 8.676855 -8.676855
v -22.513370 9.593796 -7.650797
v -22.513370 10.390089 -6.528526
v -22.513370 11.055722 -5.324155
v -22.513370 11.582322 -4.052830
v -22.513370 11.963268 -2.730538
v -22.513370 12.193768 -1.373908
v -19.699199 12.488127 0.000000
v -19.699199 12.409604 1.398227
v -19.699199 12.175023 2.778870
v -19.699199 11.787335 4.124567
v -19.699199 11.251413 5.418395
v -19.699199 10.573999 6.644084
v -19.699199 9.763611 7.786220
v -19.699199 8.830439 8.830439
v -19.699199 7.786220 9.763611
v -19.699199 6.644084 10.573999
v -19.699199 5.418395 11.251413
v -19.699199 4.124567 11.787335
v -19.699199 2.778870 12.175023
v -19.699199 1.398227 12.409604
v -19.699199 0.000000 12.488127
v -19.699199 -1.398227 12.409604
v -19.699199 -2.778870 12.175023
v -19.699199 -4.124567 11.787335
v -19.699199 -5.418395 11.251413
v -19.699199 -6.644084 10.573999
v -19.699199 -7.786220 9.763611
v -19.699199 -8.830439 8.830439
v -19.699199 -9.763611 7.786220
v -19.699199 -10.573999 6.644084
v -19.699199 -11.251413 5.418395
v -19.699199 -11.787335 4.124567
v -19.699199 -12.175023 2.778870
v -19.699199 -12.409604 1.398227
v -19.699199 -12.488127 0.000000
v -19.699199 -12.409604 -1.398227
v -19.699199 -12.175023 -2.778870
v -19.699199 -11.787335 -4.124567
v -19.699199 -11.251413 -5.418395
v -19.699199 -10.573999 -6.644084
v -19.699199 -9.763611 -7.786220
v -19.699199 -8.830439 -8.830439
v -19.699199 -7.786220 -9.763611
v -19.699199 -6.644084 -10.573999
v -19.699199 -5.418395 -11.251413
v -19.699199 -4.124567 -11.787335
v -19.699199 -2.778870 -12.175023
v -19.699199 -1.398227 -12.409604
v -19.699199 -0.000000 -12.488127
v -19.699199 1.398227 -12.409604
v -19.699199 2.778870 -12.175023
v -19.699199 4.124567 -11.787335
v -19.699199 5.418395 -11.251413
v -19.699199 6.644084 -10.573999
v -19.699199 7.786220 -9.763611
v -19.699199 8.830439 -8.830439
v -19.699199 9.763611 -7.786220
v -19.699199 10.573999 -6.644084
v -19.699199 11.251413 -5.418395
v -19.699199 11.787335 -4.124567
v -19.699199 12.175023 -2.778870
v -19.699199 12.409604 -1.398227
v -16.885028 12.673357 0.000000
v -16.885028 12.593670 1.418966
v -16.885028 12.355610 2.820087
v -16.885028 11.962171 4.185745
v -16.885028 11.418300 5.498764
v -16.885028 10.730838 6.742633
v -16.885028 9.908430 7.901709
v -16.885028 8.961417 8.961417
v -16.885028 7.901709 9.908430
v -16.885028 6.742633 10.730838
v -16.885028 5.498764 11.418300
v -16.885028 4.185745 11.962171
v -16.885028 2.820087 12.355610
v -16.885028 1.418966 12.593670
v -16.885028 0.000000 12.673357
v -16.885028 -1.418966 12.593670
v -16.885028 -2.820087 12.355610
v -16.885028 -4.185745 11.962171
v -16.885028 -5.498764 11.418300
v -16.885028 -6.742633 10.730838
v -16.885028 -7.901709 9.908430
v -16.885028 -8.961417 8.961417
v -16.885028 -9.908430 7.901709
v -16.885028 -10.730838 6.742633
v -16.885028 -11.418300 5.498764
v -16.885028 -11.962171 4.185745
v -16.885028 -12.355610 2.820087
v -16.885028 -12.593670 1.418966
v -16.885028 -12.673357 0.000000
v -16.885028 -12.593670 -1.418966
v -16.885028 -12.355610 -2.820087
v -16.885028 -11.962171 -4.185745
v -16.885028 -11.418300 -5.498764
v -16.885028 -10.730838 -6.742633
v -16.885028 -9.908430 -7.901709
v -16.885028 -8.961417 -8.961417
v -16.885028 -7.901709 -9.908430
v -16.885028 -6.742633 -10.730838
v -16.885028 -5.498764 -11.418300
v -16.885028 -4.185745 -11.962171
v -16.885028 -2.820087 -12.355610
v -16.885028 -1.418966 -12.593670
v -16.885028 -0.000000 -12.673357
v -16.885028 1.418966 -12.593670
v -16.885028 2.820087 -12.355610
v -16.885028 4.185745 -11.962171
v -16.885028 5.498764 -11.418300
v -16.885028 6.742633 -10.730838
v -16.885028 7.901709 -9.908430
v -16.885028 8.961417 -8.961417
v -16.885028 9.908430 -7.901709
v -16.885028 10.730838 -6.742633
v -16.885028 11.418300 -5.498764
v -16.885028 11.962171 -4.185745
v -16.885028 12.355610 -2.820087
v -16.885028 12.593670 -1.418966
v -14.070856 12.828002 0.000000
v -14.070856 12.747342 1.436280
v -14.070856 12.506377 2.854499
v -14.070856 12.108137 4.236820
v -14.070856 11.557630 5.565861
v -14.070856 10.861780 6.824908
v -14.070856 10.029336 7.998128
v -14.070856 9.070767 9.070767
v -14.070856 7.998128 10.029336
v -14.070856 6.824908 10.861780
v -14.070856 5.565861 11.557630
v -14.070856 4.236820 12.108137
v -14.070856 2.854499 12.506377
v -14.070856 1.436280 12.747342
v -14.070856 0.000000 12.828002
v -14.070856 -1.436280 12.747342
v -14.070856 -2.854499 12.506377
v -14.070856 -4.236820 12.108137
v -14.070856 -5.565861 11.557630
v -14.070856 -6.824908 10.861780
v -14.070856 -7.998128 10.029336
v -14.070856 -9.070767 9.070767
v -14.070856 -10.029336 7.998128
v -14.070856 -10.861780 6.824908
v -14.070856 -11.557630 5.565861
v -14.070856 -12.108137 4.236820
v -14.070856 -12.506377 2.854499
v -14.070856 -12.747342 1.436280
v -14.070856 -12.828002 0.000000
v -14.070856 -12.747342 -1.436280
v -14.070856 -12.506377 -2.854499
v -14.070856 -12.108137 -4.236820
v -14.070856 -11.557630 -5.565861
v -14.070856 -10.861780 -6.824908
v -14.070856 -10.029336 -7.998128
v -14.070856 -9.070767 -9.070767
v -14.070856 -7.998128 -10.029336
v -14.070856 -6.824908 -10.861780
v -14.070856 -5.565861 -11.557630
v -14.070856 -4.236820 -12.108137
v -14.070856 -2.854499 -12.506377
v -14.070856 -1.436280 -12.747342
v -14.070856 -0.000000 -12.828002
v -14.070856 1.436280 -12.747342
v -14.070856 2.854499 -12.506377
v -14.070856 4.236820 -12.108137
v -14.070856 5.565861 -11.557630
v -14.070856 6.824908 -10.861780
v -14.070856 7.998128 -10.029336
v -14.070856 9.070767 -9.070767
v -14.070856 10.029336 -7.998128
v -14.070856 10.861780 -6.824908
v -14.070856 11.557630 -5.565861
v -14.070856 12.108137 -4.236820
v -14.070856 12.506377 -2.854499
v -14.070856 12.747342 -1.436280
v -11.256685 12.953156 0.000000
v -11.256685 12.871709 1.450293
v -11.256685 12.628393 2.882348
v -11.256685 12.226268 4.278156
v -11.256685 11.670390 5.620164
v -11.256685 10.967751 6.891494
v -11.256685 10.127185 8.076161
v -11.256685 9.159264 9.159264
v -11.256685 8.076161 10.127185
v -11.256685 6.891494 10.967751
v -11.256685 5.620164 11.670390
v -11.256685 4.278156 12.226268
v -11.256685 2.882348 12.628393
v -11.256685 1.450293 12.871709
v -11.256685 0.000000 12.953156
v -11.256685 -1.450293 12.871709
v -11.256685 -2.882348 12.628393
v -11.256685 -4.278156 12.226268
v -11.256685 -5.620164 11.670390
v -11.256685 -6.891494 10.967751
v -11.256685 -8.076161 10.127185
v -11.256685 -9.159264 9.159264
v -11.256685 -10.127185 8.076161
v -11.256685 -10.967751 6.891494
v -11.256685 -11.670390 5.620164
v -11.256685 -12.226268 4.278156
v -11.256685 -12.628393 2.882348
v -11.256685 -12.871709 1.450293
v -11.256685 -12.953156 0.000000
v -11.256685 -12.871709 -1.450293
v -11.256685 -12.628393 -2.882348
v -11.256685 -12.226268 -4.278156
v -11.256685 -11.670390 -5.620164
v -11.256685 -10.967751 -6.891494
v -11.256685 -10.127185 -8.076161
v -11.256685 -9.159264 -9.159264
v -11.256685 -8.076161 -10.127185
v -11.256685 -6.891494 -10.967751
v -11.256685 -5.620164 -11.670390
v -11.256685 -4.278156 -12.226268
v -11.256685 -2.882348 -12.628393
v -11.256685 -1.450293 -12.871709
v -11.256685 -0.000000 -12.953156
v -11.256685 1.450293 -12.871709
v -11.256685 2.882348 -12.628393
v -11.256685 4.278156 -12.226268
v -11.256685 5.620164 -11.670390
v -11.256685 6.891494 -10.967751
v -11.256685 8.076161 -10.127185
v -11.256685 9.159264 -9.159264
v -11.256685 10.127185 -8.076161
v -11.256685 10.967751 -6.891494
v -11.256685 11.670390 -5.620164
v -11.256685 12.226268 -4.278156
v -11.256685 12.628393 -2.882348
v -11.256685 12.871709 -1.450293
v -8.442514 13.049668 0.000000
v -8.442514 12.967615 1.461099
v -8.442514 12.722486 2.903824
v -8.442514 12.317364 4.310032
v -8.442514 11.757345 5.662039
v -8.442514 11.049470 6.942842
v -8.442514 10.202642 8.136335
v -8.442514 9.227509 9.227509
v -8.442514 8.136335 10.202642
v -8.442514 6.942842 11.049470
v -8.442514 5.662039 11.757345
v -8.442514 4.310032 12.317364
v -8.442514 2.903824 12.722486
v -8.442514 1.461099 12.967615
v -8.442514 0.000000 13.049668
v -8.442514 -1.461099 12.967615
v -8.442514 -2.903824 12.722486
v -8.442514 -4.310032 12.317364
v -8.442514 -5.662039 11.757345
v -8.442514 -6.942842 11.049470
v -8.442514 -8.136335 10.202642
v -8.442514 -9.227509 9.227509
v -8.442514 -10.202642 8.136335
v -8.442514 -11.049470 6.942842
v -8.442514 -11.757345 5.662039
v -8.442514 -12.317364 4.310032
v -8.442514 -12.722486 2.903824
v -8.442514 -12.967615 1.461099
v -8.442514 -13.049668 0.000000
v -8.442514 -12.967615 -1.461099
v -8.442514 -12.722486 -2.903824
v -8.442514 -12.317364 -4.310032
v -8.442514 -11.757345 -5.662039
v -8.442514 -11.049470 -6.942842
v -8.442514 -10.202642 -8.136335
v -8.442514 -9.227509 -9.227509
v -8.442514 -8.136335 -10.202642
v -8.442514 -6.942842 -11.049470
v -8.442514 -5.662039 -11.757345
v -8.442514 -4.310032 -12.317364
v -8.442514 -2.903824 -12.722486
v -8.442514 -1.461099 -12.967615
v -8.442514 -0.000000 -13.049668
v -8.442514 1.461099 -12.967615
v -8.442514 2.903824 -12.722486
v -8.442514 4.310032 -12.317364
v -8.442514 5.662039 -11.757345
v -8.442514 6.942842 -11.049470
v -8.442514 8.136335 -10.202642
v -8.442514 9.227509 -9.227509
v -8.442514 10.202642 -8.136335
v -8.442514 11.049470 -6.942842
v -8.442514 11.757345 -5.662039
v -8.442514 12.317364 -4.310032
v -8.442514 12.722486 -2.903824
v -8.442514 12.967615 -1.461099
v -5.628343 13.118171 0.000000
v -5.628343 13.035687 1.468769
v -5.628343 12.789271 2.919068
v -5.628343 12.382023 4.332657
v -5.628343 11.819064 5.691761
v -5.628343 11.107473 6.979288
v -5.628343 10.256199 8.179046
v -5.628343 9.275948 9.275948
v -5.628343 8.179046 10.256199
v -5.628343 6.979288 11.107473
v -5.628343 5.691761 11.819064
v -5.628343 4.332657 12.382023
v -5.628343 2.919068 12.789271
v -5.628343 1.468769 13.035687
v -5.628343 0.000000 13.118171
v -5.628343 -1.468769 13.035687
v -5.628343 -2.919068 12.789271
v -5.628343 -4.332657 12.382023
v -5.628343 -5.691761 11.819064
v -5.628343 -6.979288 11.107473
v -5.628343 -8.179046 10.256199
v -5.628343 -9.275948 9.275948
v -5.628343 -10.256199 8.179046
v -5.628343 -11.107473 6.979288
v -5.628343 -11.819064 5.691761
v -5.628343 -12.382023 4.332657
v -5.628343 -12.789271 2.919068
v -5.628343 -13.035687 1.468769
v -5.628343 -13.118171 0.000000
v -5.628343 -13.035687 -1.468769
v -5.628343 -12.789271 -2.919068
v -5.628343 -12.382023 -4.332657
v -5.628343 -11.819064 -5.691761
v -5.628343 -11.107473 -6.979288
v -5.628343 -10.256199 -8.179046
v -5.628343 -9.275948 -9.275948
v -5.628343 -8.179046 -10.256199
v -5.628343 -6.979288 -11.107473
v -5.628343 -5.691761 -11.819064
v -5.628343 -4.332657 -12.382023
v -5.628343 -2.919068 -12.789271
v -5.628343 -1.468769 -13.035687
v -5.628343 -0.000000 -13.118171
v -5.628343 1.468769 -13.035687
v -5.628343 2.919068 -12.789271
v -5.628343 4.332657 -12.382023
v -5.628343 5.691761 -11.819064
v -5.628343 6.979288 -11.107473
v -5.628343 8.179046 -10.256199
v -5.628343 9.275948 -9.275948
v -5.628343 10.256199 -8.179046
v -5.628343 11.107473 -6.979288
v -5.628343 11.819064 -5.691761
v -5.628343 12.382023 -4.332657
v -5.628343 12.789271 -2.919068
v -5.628343 13.035687 -1.468769
v -2.814171 13.159101 0.000000
v -2.814171 13.076360 1.473352
v -2.814171 12.829175 2.928176
v -2.814171 12.420656 4.346176
v -2.814171 11.855941 5.709520
v -2.814171 11.142130 7.001064
v -2.814171 10.288200 8.204566
v -2.814171 9.304890 9.304890
v -2.814171 8.204566 10.288200
v -2.814171 7.001064 11.142130
v -2.814171 5.709520 11.855941
v -2.814171 4.346176 12.420656
v -2.814171 2.928176 12.829175
v -2.814171 1.473352 13.076360
v -2.814171 0.000000 13.159101
v -2.814171 -1.473352 13.076360
v -2.814171 -2.928176 12.829175
v -2.814171 -4.346176 12.420656
v -2.814171 -5.709520 11.855941
v -2.814171 -7.001064 11.142130
v -2.814171 -8.204566 10.288200
v -2.814171 -9.304890 9.304890
v -2.814171 -10.288200 8.204566
v -2.814171 -11.142130 7.001064
v -2.814171 -11.855941 5.709520
v -2.814171 -12.420656 4.346176
v -2.814171 -12.829175 2.928176
v -2.814171 -13.076360 1.473352
v -2.814171 -13.159101 0.000000
v -2.814171 -13.076360 -1.473352
v -2.814171 -12.829175 -2.928176
v -2.814171 -12.420656 -4.346176
v -2.814171 -11.855941 -5.709520
v -2.814171 -11.142130 -7.001064
v -2.814171 -10.288200 -8.204566
v -2.814171 -9.304890 -9.304890
v -2.814171 -8.204566 -10.288200
v -2.814171 -7.001064 -11.142130
v -2.814171 -5.709520 -11.855941
v -2.814171 -4.346176 -12.420656
v -2.814171 -2.928176 -12.829175
v -2.814171 -1.473352 -13.076360
v -2.814171 -0.000000 -13.159101
v -2.814171 1.473352 -13.076360
v -2.814171 2.928176 -12.829175
v -2.814171 4.346176 -12.420656
v -2.814171 5.709520 -11.855941
v -2.814171 7.001064 -11.142130
v -2.814171 8.204566 -10.288200
v -2.814171 9.304890 -9.304890
v -2.814171 10.288200 -8.204566
v -2.814171 11.142130 -7.001064
v -2.814171 11.855941 -5.709520
v -2.814171 12.420656 -4.346176
v -2.814171 12.829175 -2.928176
v -2.814171 13.076360 -1.473352
v 0.000000 13.172717 0.000000
v 0.000000 13.089889 1.474876
v 0.000000 12.842449 2.931205
v 0.000000 12.433508 4.350672
v 0.000000 11.868208 5.715428
v 0.000000 11.153658 7.008308
v 0.000000 10.298845 8.213054
v 0.000000 9.314517 9.314517
v 0.000000 8.213054 10.298845
v 0.000000 7.008308 11.153658
v 0.000000 5.715428 11.868208
v 0.000000 4.350672 12.433508
v 0.000000 2.931205 12.842449
v 0.000000 1.474876 13.089889
v 0.000000 0.000000 13.172717
v 0.000000 -1.474876 13.089889
v 0.000000 -2.931205 12.842449
v 0.000000 -4.350672 12.433508
v 0.000000 -5.715428 11.868208
v 0.000000 -7.008308 11.153658
v 0.000000 -8.213054 10.298845
v 0.000000 -9.314517 9.314517
v 0.000000 -10.298845 8.213054
v 0.000000 -11.153658 7.008308
v 0.000000 -11.868208 5.715428
v 0.000000 -12.433508 4.350672
v 0.000000 -12.842449 2.931205
v 0.000000 -13.089889 1.474876
v 0.000000 -13.172717 0.000000
v 0.000000 -13.089889 -1.474876
v 0.000000 -12.842449 -2.931205
v 0.000000 -12.433508 -4.350672
v 0.000000 -11.868208 -5.715428
v 0.000000 -11.153658 -7.008308
v 0.000000 -10.298845 -8.213054
v 0.000000 -9.314517 -9.314517
v 0.000000 -8.213054 -10.298845
v 0.000000 -7.008308 -11.153658
v 0.000000 -5.715428 -11.868208
v 0.000000 -4.350672 -12.433508
v 0.000000 -2.931205 -12.842449
v 0.000000 -1.474876 -13.089889
v 0.000000 -0.000000 -13.172717
v 0.000000 1.474876 -13.089889
v 0.000000 2.931205 -12.842449
v 0.000000 4.350672 -12.433508
v 0.000000 5.715428 -11.868208
v 0.000000 7.008308 -11.153658
v 0.000000 8.213054 -10.298845
v 0.000000 9.314517 -9.314517
v 0.000000 10.298845 -8.213054
v 0.000000 11.153658 -7.008308
v 0.000000 11.868208 -5.715428
v 0.000000 12.433508 -4.350672
v 0.000000 12.842449 -2.931205
v 0.000000 13.089889 -1.474876
v 2.814171 13.159101 0.000000
v 2.814171 13.076360 1.473352
v 2.814171 12.829175 2.928176
v 2.814171 12.420656 4.346176
v 2.814171 11.855941 5.709520
v 2.814171 11.142130 7.001064
v 2.814171 10.288200 8.204566
v 2.814171 9.304890 9.304890
v 2.814171 8.204566 10.288200
v 2.814171 7.001064 11.142130
v 2.814171 5.709520 11.855941
v 2.814171 4.346176 12.420656
v 2.814171 2.928176 12.829175
v 2.814171 1.473352 13.076360
v 2.814171 0.000000 13.159101
v 2.814171 -1.473352 13.076360
v 2.814171 -2.928176 12.829175
v 2.814171 -4.346176 12.420656
v 2.814171 -5.709520 11.855941
v 2.814171 -7.001064 11.142130
v 2.814171 -8.204566 10.288200
v 2.814171 -9.304890 9.304890
v 2.814171 -10.288200 8.204566
v 2.814171 -11.142130 7.001064
v 2.814171 -11.855941 5.709520
v 2.814171 -12.420656 4.346176
v 2.814171 -12.829175 2.928176
v 2.814171 -13.076360 1.473352
v 2.814171 -13.159101 0.000000
v 2.814171 -13.076360 -1.473352
v 2.814171 -12.829175 -2.928176
v 2.814171 -12.420656 -4.346176
v 2.814171 -11.855941 -5.709520
v 2.814171 -11.142130 -7.001064
v 2.814171 -10.288200 -8.204566
v 2.814171 -9.304890 -9.304890
v 2.814171 -8.204566 -10.288200
v 2.814171 -7.001064 -11.142130
v 2.814171 -5.709520 -11.855941
v 2.814171 -4.346176 -12.420656
v 2.814171 -2.928176 -12.829175
v 2.814171 -1.473352 -13.076360
v 2.814171 -0.000000 -13.159101
v 2.814171 1.473352 -13.076360
v 2.814171 2.928176 -12.829175
v 2.814171 4.346176 -12.420656
v 2.814171 5.709520 -11.855941
v 2.814171 7.001064 -11.142130
v 2.814171 8.204566 -10.288200
v 2.814171 9.304890 -9.304890
v 2.814171 10.288200 -8.204566
v 2.814171 11.142130 -7.001064
v 2.814171 11.855941 -5.709520
v 2.814171 12.420656 -4.346176
v 2.814171 12.829175 -2.928176
v 2.814171 13.076360 -1.473352
v 5.628343 13.118171 0.000000
v 5.628343 13.035687 1.468769
v 5.628343 12.789271 2.919068
v 5.628343 12.382023 4.332657
v 5.628343 11.819064 5.691761
v 5.628343 11.107473 6.979288
v 5.628343 10.256199 8.179046
v 5.628343 9.275948 9.275948
v 5.628343 8.179046 10.256199
v 5.628343 6.979288 11.107473
v 5.628343 5.691761 11.819064
v 5.628343 4.332657 12.382023
v 5.628343 2.919068 12.789271
v 5.628343 1.468769 13.035687
v 5.628343 0.000000 13.118171
v 5.628343 -1.468769 13.035687
v 5.628343 -2.919068 12.789271
v 5.628343 -4.332657 12.382023
v 5.628343 -5.691761 11.819064
v 5.628343 -6.979288 11.107473
v 5.628343 -8.179046 10.256199
v 5.628343 -9.275948 9.275948
v 5.628343 -10.256199 8.179046
v 5.628343 -11.107473 6.979288
v 5.628343 -11.819064 5.691761
v 5.628343 -12.382023 4.332657
v 5.628343 -12.789271 2.919068
v 5.628343 -13.035687 1.468769
v 5.628343 -13.118171 0.000000
v 5.628343 -13.035687 -1.468769
v 5.628343 -12.789271 -2.919068
v 5.628343 -12.382023 -4.332657
v 5.628343 -11.819064 -5.691761
v 5.628343 -11.107473 -6.979288
v 5.628343 -10.256199 -8.179046
v 5.628343 -9.275948 -9.275948
v 5.628343 -8.179046 -10.256199
v 5.628343 -6.979288 -11.107473
v 5.628343 -5.691761 -11.819064
v 5.628343 -4.332657 -12.382023
v 5.628343 -2.919068 -12.789271
v 5.628343 -1.468769 -13.035687
v 5.628343 -0.000000 -13.118171
v 5.628343 1.468769 -13.035687
v 5.628343 2.919068 -12.789271
v 5.628343 4.332657 -12.382023
v 5.628343 5.691761 -11.819064
v 5.628343 6.979288 -11.107473
v 5.628343 8.179046 -10.256199
v 5.628343 9.275948 -9.275948
v 5.628343 10.256199 -8.179046
v 5.628343 11.107473 -6.979288
v 5.628343 11.819064 -5.691761
v 5.628343 12.382023 -4.332657
v 5.628343 12.789271 -2.919068
v 5.628343 13.035687 -1.468769
v 8.442514 13.049668 0.000000
v 8.442514 12.967615 1.461099
v 8.442514 12.722486 2.903824
v 8.442514 12.317364 4.310032
v 8.442514 11.757345 5.662039
v 8.442514 11.049470 6.942842
v 8.442514 10.202642 8.136335
v 8.442514 9.227509 9.227509
v 8.442514 8.136335 10.202642
v 8.442514 6.942842 11.049470
v 8.442514 5.662039 11.757345
v 8.442514 4.310032 12.317364
v 8.442514 2.903824 12.722486
v 8.442514 1.461099 12.967615
v 8.442514 0.000000 13.049668
v 8.442514 -1.461099 12.967615
v 8.442514 -2.903824 12.722486
v 8.442514 -4.310032 12.317364
v 8.442514 -5.662039 11.757345
v 8.442514 -6.942842 11.049470
v 8.442514 -8.136335 10.202642
v 8.442514 -9.227509 9.227509
v 8.442514 -10.202642 8.136335
v 8.442514 -11.049470 6.942842
v 8.442514 -11.757345 5.662039
v 8.442514 -12.317364 4.310032
v 8.442514 -12.722486 2.903824
v 8.442514 -12.967615 1.461099
v 8.442514 -13.049668 0.000000
v 8.442514 -12.967615 -1.461099
v 8.442514 -12.722486 -2.903824
v 8.442514 -12.317364 -4.310032
v 8.442514 -11.757345 -5.662039
v 8.442514 -11.049470 -6.942842
v 8.442514 -10.202642 -8.136335
v 8.442514 -9.227509 -9.227509
v 8.442514 -8.136335 -10.202642
v 8.442514 -6.942842 -11.049470
v 8.442514 -5.662039 -11.757345
v 8.442514 -4.310032 -12.317364
v 8.442514 -2.903824 -12.722486
v 8.442514 -1.461099 -12.967615
v 8.442514 -0.000000 -13.049668
v 8.442514 1.461099 -12.967615
v 8.442514 2.903824 -12.722486
v 8.442514 4.310032 -12.317364
v 8.442514 5.662039 -11.757345
v 8.442514 6.942842 -11.049470
v 8.442514 8.136335 -10.202642
v 8.442514 9.227509 -9.227509
v 8.442514 10.202642 -8.136335
v 8.442514 11.049470 -6.942842
v 8.442514 11.757345 -5.662039
v 8.442514 12.317364 -4.310032
v 8.442514 12.722486 -2.903824
v 8.442514 12.967615 -1.461099
v 11.256685 12.953156 0.000000
v 11.256685 12.871709 1.450293
v 11.256685 12.628393 2.882348
v 11.256685 12.226268 4.278156
v 11.256685 11.670390 5.620164
v 11.256685 10.967751 6.891494
v 11.256685 10.127185 8.076161
v 11.256685 9.159264 9.159264
v 11.256685 8.076161 10.127185
v 11.256685 6.891494 10.967751
v 11.256685 5.620164 11.670390
v 11.256685 4.278156 12.226268
v 11.256685 2.882348 12.628393
v 11.256685 1.450293 12.871709
v 11.256685 0.000000 12.953156
v 11.256685 -1.450293 12.871709
v 11.256685 -2.882348 12.628393
v 11.256685 -4.278156 12.226268
v 11.256685 -5.620164 11.670390
v 11.256685 -6.891494 10.967751
v 11.256685 -8.076161 10.127185
v 11.256685 -9.159264 9.159264
v 11.256685 -10.127185 8.076161
v 11.256685 -10.967751 6.891494
v 11.256685 -11.670390 5.620164
v 11.256685 -12.226268 4.278156
v 11.256685 -12.628393 2.882348
v 11.256685 -12.871709 1.450293
v 11.256685 -12.953156 0.000000
v 11.256685 -12.871709 -1.450293
v 11.256685 -12.628393 -2.882348
v 11.256685 -12.226268 -4.278156
v 11.256685 -11.670390 -5.620164
v 11.256685 -10.967751 -6.891494
v 11.256685 -10.127185 -8.076161
v 11.256685 -9.159264 -9.159264
v 11.256685 -8.076161 -10.127185
v 11.256685 -6.891494 -10.967751
v 11.256685 -5.620164 -11.670390
v 11.256685 -4.278156 -12.226268
v 11.256685 -2.882348 -12.628393
v 11.256685 -1.450293 -12.871709
v 11.256685 -0.000000 -12.953156
v 11.256685 1.450293 -12.871709
v 11.256685 2.882348 -12.628393
v 11.256685 4.278156 -12.226268
v 11.256685 5.620164 -11.670390
v 11.256685 6.891494 -10.967751
v 11.256685 8.076161 -10.127185
v 11.256685 9.159264 -9.159264
v 11.256685 10.127185 -8.076161
v 11.256685 10.967751 -6.891494
v 11.256685 11.670390 -5.620164
v 11.256685 12.226268 -4.278156
v 11.256685 12.628393 -2.882348
v 11.256685 12.871709 -1.450293
v 14.070856 12.828002 0.000000
v 14.070856 12.747342 1.436280
v 14.070856 12.506377 2.854499
v 14.070856 12.108137 4.236820
v 14.070856 11.557630 5.565861
v 14.070856 10.861780 6.824908
v 14.070856 10.029336 7.998128
v 14.070856 9.070767 9.070767
v 14.070856 7.998128 10.029336
v 14.070856 6.824908 10.861780
v 14.070856 5.565861 11.557630
v 14.070856 4.236820 12.108137
v 14.070856 2.854499 12.506377
v 14.070856 1.436280 12.747342
v 14.070856 0.000000 12.828002
v 14.070856 -1.436280 12.747342
v 14.070856 -2.854499 12.506377
v 14.070856 -4.236820 12.108137
v 14.070856 -5.565861 11.557630
v 14.070856 -6.824908 10.861780
v 14.070856 -7.998128 10.029336
v 14.070856 -9.070767 9.070767
v 14.070856 -10.029336 7.998128
v 14.070856 -10.861780 6.824908
v 14.070856 -11.557630 5.565861
v 14.070856 -12.108137 4.236820
v 14.070856 -12.506377 2.854499
v 14.070856 -12.747342 1.436280
v 14.070856 -12.828002 0.000000
v 14.070856 -12.747342 -1.436280
v 14.070856 -12.506377 -2.854499
v 14.070856 -12.108137 -4.236820
v 14.070856 -11.557630 -5.565861
v 14.070856 -10.861780 -6.824908
v 14.070856 -10.029336 -7.998128
v 14.070856 -9.070767 -9.070767
v 14.070856 -7.998128 -10.029336
v 14.070856 -6.824908 -10.861780
v 14.070856 -5.565861 -11.557630
v 14.070856 -4.236820 -12.108137
v 14.070856 -2.854499 -12.506377
v 14.070856 -1.436280 -12.747342
v 14.070856 -0.000000 -12.828002
v 14.070856 1.436280 -12.747342
v 14.070856 2.854499 -12.506377
v 14.070856 4.236820 -12.108137
v 14.070856 5.565861 -11.557630
v 14.070856 6.824908 -10.861780
v 14.070856 7.998128 -10.029336
v 14.070856 9.070767 -9.070767
v 14.070856 10.029336 -7.998128
v 14.070856 10.861780 -6.824908
v 14.070856 11.557630 -5.565861
v 14.070856 12.108137 -4.236820
v 14.070856 12.506377 -2.854499
v 14.070856 12.747342 -1.436280
v 16.885028 12.673357 0.000000
v 16.885028 12.593670 1.418966
v 16.885028 12.355610 2.820087
v 16.885028 11.962171 4.185745
v 16.885028 11.418300 5.498764
v 16.885028 10.730838 6.742633
v 16.885028 9.908430 7.901709
v 16.885028 8.961417 8.961417
v 16.885028 7.901709 9.908430
v 16.885028 6.742633 10.730838
v 16.885028 5.498764 11.418300
v 16.885028 4.185745 11.962171
v 16.885028 2.820087 12.355610
v 16.885028 1.418966 12.593670
v 16.885028 0.000000 12.673357
v 16.885028 -1.418966 12.593670
v 16.885028 -2.820087 12.355610
v 16.885028 -4.185745 11.962171
v 16.885028 -5.498764 11.418300
v 16.885028 -6.742633 10.730838
v 16.885028 -7.901709 9.908430
v 16.885028 -8.961417 8.961417
v 16.885028 -9.908430 7.901709
v 16.885028 -10.730838 6.742633
v 16.885028 -11.418300 5.498764
v 16.885028 -11.962171 4.185745
v 16.885028 -12.355610 2.820087
v 16.885028 -12.593670 1.418966
v 16.885028 -12.673357 0.000000
v 16.885028 -12.593670 -1.418966
v 16.885028 -12.355610 -2.820087
v 16.885028 -11.962171 -4.185745
v 16.885028 -11.418300 -5.498764
v 16.885028 -10.730838 -6.742633
v 16.885028 -9.908430 -7.901709
v 16.885028 -8.961417 -8.961417
v 16.885028 -7.901709 -9.908430
v 16.885028 -6.742633 -10.730838
v 16.885028 -5.498764 -11.418300
v 16.885028 -4.185745 -11.962171
v 16.885028 -2.820087 -12.355610
v 16.885028 -1.418966 -12.593670
v 16.885028 -0.000000 -12.673357
v 16.885028 1.418966 -12.593670
v 16.885028 2.820087 -12.355610
v 16.885028 4.185745 -11.962171
v 16.885028 5.498764 -11.418300
v 16.885028 6.742633 -10.730838
v 16.885028 7.901709 -9.908430
v 16.885028 8.961417 -8.961417
v 16.885028 9.908430 -7.901709
v 16.885028 10.730838 -6.742633
v 16.885028 11.418300 -5.498764
v 16.885028 11.962171 -4.185745
v 16.885028 12.355610 -2.820087
v 16.885028 12.593670 -1.418966
v 19.699199 12.488127 0.000000
v 19.699199 12.409604 1.398227
v 19.699199 12.175023 2.778870
v 19.699199 11.787335 4.124567
v 19.699199 11.251413 5.418395
v 19.699199 10.573999 6.644084
v 19.699199 9.763611 7.786220
v 19.699199 8.830439 8.830439
v 19.699199 7.786220 9.763611
v 19.699199 6.644084 10.573999
v 19.699199 5.418395 11.251413
v 19.699199 4.124567 11.787335
v 19.699199 2.778870 12.175023
v 19.699199 1.398227 12.409604
v 19.699199 0.000000 12.488127
v 19.699199 -1.398227 12.409604
v 19.699199 -2.778870 12.175023
v 19.699199 -4.124567 11.787335
v 19.699199 -5.418395 11.251413
v 19.699199 -6.644084 10.573999
v 19.699199 -7.786220 9.763611
v 19.699199 -8.830439 8.830439
v 19.699199 -9.763611 7.786220
v 19.699199 -10.573999 6.644084
v 19.699199 -11.251413 5.418395
v 19.699199 -11.787335 4.124567
v 19.699199 -12.175023 2.778870
v 19.699199 -12.409604 1.398227
v 19.699199 -12.488127 0.000000
v 19.699199 -12.409604 -1.398227
v 19.699199 -12.175023 -2.778870
v 19.699199 -11.787335 -4.124567
v 19.699199 -11.251413 -5.418395
v 19.699199 -10.573999 -6.644084
v 19.699199 -9.763611 -7.786220
v 19.699199 -8.830439 -8.830439
v 19.699199 -7.786220 -9.763611
v 19.699199 -6.644084 -10.573999
v 19.699199 -5.418395 -11.251413
v 19.699199 -4.124567 -11.787335
v 19.699199 -2.778870 -12.175023
v 19.699199 -1.398227 -12.409604
v 19.699199 -0.000000 -12.488127
v 19.699199 1.398227 -12.409604
v 19.699199 2.778870 -12.175023
v 19.699199 4.124567 -11.787335
v 19.699199 5.418395 -11.251413
v 19.699199 6.644084 -10.573999
v 19.699199 7.786220 -9.763611
v 19.699199 8.830439 -8.830439
v 19.699199 9.763611 -7.786220
v 19.699199 10.573999 -6.644084
v 19.699199 11.251413 -5.418395
v 19.699199 11.787335 -4.124567
v 19.699199 12.175023 -2.778870
v 19.699199 12.409604 -1.398227
v 22.513370 12.270925 0.000000
v 22.513370 12.193768 1.373908
v 22.513370 11.963268 2.730538
v 22.513370 11.582322 4.052830
v 22.513370 11.055722 5.324155
v 22.513370 10.390089 6.528526
v 22.513370 9.593796 7.650797
v 22.513370 8.676855 8.676855
v 22.513370 7.650797 9.593796
v 22.513370 6.528526 10.390089
v 22.513370 5.324155 11.055722
v 22.513370 4.052830 11.582322
v 22.513370 2.730538 11.963268
v 22.513370 1.373908 12.193768
v 22.513370 0.000000 12.270925
v 22.513370 -1.373908 12.193768
v 22.513370 -2.730538 11.963268
v 22.513370 -4.052830 11.582322
v 22.513370 -5.324155 11.055722
v 22.513370 -6.528526 10.390089
v 22.513370 -7.650797 9.593796
v 22.513370 -8.676855 8.676855
v 22.513370 -9.593796 7.650797
v 22.513370 -10.390089 6.528526
v 22.513370 -11.055722 5.324155
v 22.513370 -11.582322 4.052830
v 22.513370 -11.963268 2.730538
v 22.513370 -12.193768 1.373908
v 22.513370 -12.270925 0.000000
v 22.513370 -12.193768 -1.373908
v 22.513370 -11.963268 -2.730538
v 22.513370 -11.582322 -4.052830
v 22.513370 -11.055722 -5.324155
v 22.513370 -10.390089 -6.528526
v 22.513370 -9.593796 -7.650797
v 22.513370 -8.676855 -8.676855
v 22.513370 -7.650797 -9.593796
v 22.513370 -6.528526 -10.390089
v 22.513370 -5.324155 -11.055722
v 22.513370 -4.052830 -11.582322
v 22.513370 -2.730538 -11.963268
v 22.513370 -1.373908 -12.193768
v 22.513370 -0.000000 -12.270925
v 22.513370 1.373908 -12.193768
v 22.513370 2.730538 -11.963268
v 22.513370 4.052830 -11.582322
v 22.513370 5.324155 -11.055722
v 22.513370 6.528526 -10.390089
v 22.513370 7.650797 -9.593796
v 22.513370 8.676855 -8.676855
v 22.513370 9.593796 -7.650797
v 22.513370 10.390089 -6.528526
v 22.513370 11.055722 -5.324155
v 22.513370 11.582322 -4.052830
v 22.513370 11.963268 -2.730538
v 22.513370 12.193768 -1.373908
v 25.327541 12.020020 0.000000
v 25.327541 11.944441 1.345815
v 25.327541 11.718653 2.674706
v 25.327541 11.345497 3.969961
v 25.327541 10.829664 5.215291
v 25.327541 10.177642 6.395036
v 25.327541 9.397630 7.494360
v 25.327541 8.499438 8.499438
v 25.327541 7.494360 9.397630
v 25.327541 6.395036 10.177642
v 25.327541 5.215291 10.829664
v 25.327541 3.969961 11.345497
v 25.327541 2.674706 11.718653
v 25.327541 1.345815 11.944441
v 25.327541 0.000000 12.020020
v 25.327541 -1.345815 11.944441
v 25.327541 -2.674706 11.718653
v 25.327541 -3.969961 11.345497
v 25.327541 -5.215291 10.829664
v 25.327541 -6.395036 10.177642
v 25.327541 -7.494360 9.397630
v 25.327541 -8.499438 8.499438
v 25.327541 -9.397630 7.494360
v 25.327541 -10.177642 6.395036
v 25.327541 -10.829664 5.215291
v 25.327541 -11.345497 3.969961
v 25.327541 -11.718653 2.674706
v 25.327541 -11.944441 1.345815
v 25.327541 -12.020020 0.000000
v 25.327541 -11.944441 -1.345815
v 25.327541 -11.718653 -2.674706
v 25.327541 -11.345497 -3.969961
v 25.327541 -10.829664 -5.215291
v 25.327541 -10.177642 -6.395036
v 25.327541 -9.397630 -7.494360
v 25.327541 -8.499438 -8.499438
v 25.327541 -7.494360 -9.397630
v 25.327541 -6.395036 -10.177642
v 25.327541 -5.215291 -10.829664
v 25.327541 -3.969961 -11.345497
v 25.327541 -2.674706 -11.718653
v 25.327541 -1.345815 -11.944441
v 25.327541 -0.000000 -12.020020
v 25.327541 1.345815 -11.944441
v 25.327541 2.674706 -11.718653
v 25.327541 3.969961 -11.345497
v 25.327541 5.215291 -10.829664
v 25.327541 6.395036 -10.177642
v 25.327541 7.494360 -9.397630
v 25.327541 8.499438 -8.499438
v 25.327541 9.397630 -7.494360
v 25.327541 10.177642 -6.395036
v 25.327541 10.829664 -5.215291
v 25.327541 11.345497 -3.969961
v 25.327541 11.718653 -2.674706
v 25.327541 11.944441 -1.345815
v 28.141713 11.733249 0.000000
v 28.141713 11.659473 1.313707
v 28.141713 11.439072 2.610893
v 28.141713 11.074818 3.875246
v 28.141713 10.571292 5.090866
v 28.141713 9.934826 6.242465
v 28.141713 9.173423 7.315561
v 28.141713 8.296660 8.296660
v 28.141713 7.315561 9.173423
v 28.141713 6.242465 9.934826
v 28.141713 5.090866 10.571292
v 28.141713 3.875246 11.074818
v 28.141713 2.610893 11.439072
v 28.141713 1.313707 11.659473
v 28.141713 0.000000 11.733249
v 28.141713 -1.313707 11.659473
v 28.141713 -2.610893 11.439072
v 28.141713 -3.875246 11.074818
v 28.141713 -5.090866 10.571292
v 28.141713 -6.242465 9.934826
v 28.141713 -7.315561 9.173423
v 28.141713 -8.296660 8.296660
v 28.141713 -9.173423 7.315561
v 28.141713 -9.934826 6.242465
v 28.141713 -10.571292 5.090866
v 28.141713 -11.074818 3.875246
v 28.141713 -11.439072 2.610893
v 28.141713 -11.659473 1.313707
v 28.141713 -11.733249 0.000000
v 28.141713 -11.659473 -1.313707
v 28.141713 -11.439072 -2.610893
v 28.141713 -11.074818 -3.875246
v 28.141713 -10.571292 -5.090866
v 28.141713 -9.934826 -6.242465
v 28.141713 -9.173423 -7.315561
v 28.141713 -8.296660 -8.296660
v 28.141713 -7.315561 -9.173423
v 28.141713 -6.242465 -9.934826
v 28.141713 -5.090866 -10.571292
v 28.141713 -3.875246 -11.074818
v 28.141713 -2.610893 -11.439072
v 28.141713 -1.313707 -11.659473
v 28.141713 -0.000000 -11.733249
v 28.141713 1.313707 -11.659473
v 28.141713 2.610893 -11.439072
v 28.141713 3.875246 -11.074818
v 28.141713 5.090866 -10.571292
v 28.141713 6.242465 -9.934826
v 28.141713 7.315561 -9.173423
v 28.141713 8.296660 -8.296660
v 28.141713 9.173423 -7.315561
v 28.141713 9.934826 -6.242465
v 28.141713 10.571292 -5.090866
v 28.141713 11.074818 -3.875246
v 28.141713 11.439072 -2.610893
v 28.141713 11.659473 -1.313707
v 30.955884 11.407907 0.000000
v 30.955884 11.336177 1.277280
v 30.955884 11.121887 2.538498
v 30.955884 10.767733 3.767793
v 30.955884 10.278169 4.949705
v 30.955884 9.659351 6.069373
v 30.955884 8.919061 7.112714
v 30.955884 8.066609 8.066609
v 30.955884 7.112714 8.919061
v 30.955884 6.069373 9.659351
v 30.955884 4.949705 10.278169
v 30.955884 3.767793 10.767733
v 30.955884 2.538498 11.121887
v 30.955884 1.277280 11.336177
v 30.955884 0.000000 11.407907
v 30.955884 -1.277280 11.336177
v 30.955884 -2.538498 11.121887
v 30.955884 -3.767793 10.767733
v 30.955884 -4.949705 10.278169
v 30.955884 -6.069373 9.659351
v 30.955884 -7.112714 8.919061
v 30.955884 -8.066609 8.066609
v 30.955884 -8.919061 7.112714
v 30.955884 -9.659351 6.069373
v 30.955884 -10.278169 4.949705
v 30.955884 -10.767733 3.767793
v 30.955884 -11.121887 2.538498
v 30.955884 -11.336177 1.277280
v 30.955884 -11.407907 0.000000
v 30.955884 -11.336177 -1.277280
v 30.955884 -11.121887 -2.538498
v 30.955884 -10.767733 -3.767793
v 30.955884 -10.278169 -4.949705
v 30.955884 -9.659351 -6.069373
v 30.955884 -8.919061 -7.112714
v 30.955884 -8.066609 -8.066609
v 30.955884 -7.112714 -8.919061
v 30.955884 -6.069373 -9.659351
v 30.955884 -4.949705 -10.278169
v 30.955884 -3.767793 -10.767733
v 30.955884 -2.538498 -11.121887
v 30.955884 -1.277280 -11.336177
v 30.955884 -0.000000 -11.407907
v 30.955884 1.277280 -11.336177
v 30.955884 2.538498 -11.121887
v 30.955884 3.767793 -10.767733
v 30.955884 4.949705 -10.278169
v 30.955884 6.069373 -9.659351
v 30.955884 7.112714 -8.919061
v 30.955884 8.066609 -8.066609
v 30.955884 8.919061 -7.112714
v 30.955884 9.659351 -6.069373
v 30.955884 10.278169 -4.949705
v 30.955884 10.767733 -3.767793
v 30.955884 11.121887 -2.538498
v 30.955884 11.336177 -1.277280
v 33.770055 11.040586 0.000000
v 33.770055 10.971165 1.236153
v 33.770055 10.763775 2.456762
v 33.770055 10.421025 3.646474
v 33.770055 9.947224 4.790331
v 33.770055 9.348331 5.873946
v 33.770055 8.631878 6.883693
v 33.770055 7.806873 7.806873
v 33.770055 6.883693 8.631878
v 33.770055 5.873946 9.348331
v 33.770055 4.790331 9.947224
v 33.770055 3.646474 10.421025
v 33.770055 2.456762 10.763775
v 33.770055 1.236153 10.971165
v 33.770055 0.000000 11.040586
v 33.770055 -1.236153 10.971165
v 33.770055 -2.456762 10.763775
v 33.770055 -3.646474 10.421025
v 33.770055 -4.790331 9.947224
v 33.770055 -5.873946 9.348331
v 33.770055 -6.883693 8.631878
v 33.770055 -7.806873 7.806873
v 33.770055 -8.631878 6.883693
v 33.770055 -9.348331 5.873946
v 33.770055 -9.947224 4.790331
v 33.770055 -10.421025 3.646474
v 33.770055 -10.763775 2.456762
v 33.770055 -10.971165 1.236153
v 33.770055 -11.040586 0.000000
v 33.770055 -10.971165 -1.236153
v 33.770055 -10.763775 -2.456762
v 33.770055 -10.421025 -3.646474
v 33.770055 -9.947224 -4.790331
v 33.770055 -9.348331 -5.873946
v 33.770055 -8.631878 -6.883693
v 33.770055 -7.806873 -7.806873
v 33.770055 -6.883693 -8.631878
v 33.770055 -5.873946 -9.348331
v 33.770055 -4.790331 -9.947224
v 33.770055 -3.646474 -10.421025
v 33.770055 -2.456762 -10.763775
v 33.770055 -1.236153 -10.971165
v 33.770055 -0.000000 -11.040586
v 33.770055 1.236153 -10.971165
v 33.770055 2.456762 -10.763775
v 33.770055 3.646474 -10.421025
v 33.770055 4.790331 -9.947224
v 33.770055 5.873946 -9.348331
v 33.770055 6.883693 -8.631878
v 33.770055 7.806873 -7.806873
v 33.770055 8.631878 -6.883693
v 33.770055 9.348331 -5.873946
v 33.770055 9.947224 -4.790331
v 33.770055 10.421025 -3.646474
v 33.770055 10.763775 -2.456762
v 33.770055 10.971165 -1.236153
v 36.584227 10.626933 0.000000
v 36.584227 10.560113 1.189839
v 36.584227 10.360494 2.364715
v 36.584227 10.030585 3.509853
v 36.584227 9.574536 4.610853
v 36.584227 8.998081 5.653869
v 36.584227 8.308471 6.625784
v 36.584227 7.514376 7.514376
v 36.584227 6.625784 8.308471
v 36.584227 5.653869 8.998081
v 36.584227 4.610853 9.574536
v 36.584227 3.509853 10.030585
v 36.584227 2.364715 10.360494
v 36.584227 1.189839 10.560113
v 36.584227 0.000000 10.626933
v 36.584227 -1.189839 10.560113
v 36.584227 -2.364715 10.360494
v 36.584227 -3.509853 10.030585
v 36.584227 -4.610853 9.574536
v 36.584227 -5.653869 8.998081
v 36.584227 -6.625784 8.308471
v 36.584227 -7.514376 7.514376
v 36.584227 -8.308471 6.625784
v 36.584227 -8.998081 5.653869
v 36.584227 -9.574536 4.610853
v 36.584227 -10.030585 3.509853
v 36.584227 -10.360494 2.364715
v 36.584227 -10.560113 1.189839
v 36.584227 -10.626933 0.000000
v 36.584227 -10.560113 -1.189839
v 36.584227 -10.360494 -2.364715
v 36.584227 -10.030585 -3.509853
v 36.584227 -9.574536 -4.610853
v 36.584227 -8.998081 -5.653869
v 36.584227 -8.308471 -6.625784
v 36.584227 -7.514376 -7.514376
v 36.584227 -6.625784 -8.308471
v 36.584227 -5.653869 -8.998081
v 36.584227 -4.610853 -9.574536
v 36.584227 -3.509853 -10.030585
v 36.584227 -2.364715 -10.360494
v 36.584227 -1.189839 -10.560113
v 36.584227 -0.000000 -10.626933
v 36.584227 1.189839 -10.560113
v 36.584227 2.364715 -10.360494
v 36.584227 3.509853 -10.030585
v 36.584227 4.610853 -9.574536
v 36.584227 5.653869 -8.998081
v 36.584227 6.625784 -8.308471
v 36.584227 7.514376 -7.514376
v 36.584227 8.308471 -6.625784
v 36.584227 8.998081 -5.653869
v 36.584227 9.574536 -4.610853
v 36.584227 10.030585 -3.509853
v 36.584227 10.360494 -2.364715
v 36.584227 10.560113 -1.189839
v 39.398398 10.161292 0.000000
v 39.398398 10.097399 1.137704
v 39.398398 9.906527 2.261100
v 39.398398 9.591074 3.356062
v 39.398398 9.155007 4.408819
v 39.398398 8.603811 5.406133
v 39.398398 7.944418 6.335462
v 39.398398 7.185118 7.185118
v 39.398398 6.335462 7.944418
v 39.398398 5.406133 8.603811
v 39.398398 4.408819 9.155007
v 39.398398 3.356062 9.591074
v 39.398398 2.261100 9.906527
v 39.398398 1.137704 10.097399
v 39.398398 0.000000 10.161292
v 39.398398 -1.137704 10.097399
v 39.398398 -2.261100 9.906527
v 39.398398 -3.356062 9.591074
v 39.398398 -4.408819 9.155007
v 39.398398 -5.406133 8.603811
v 39.398398 -6.335462 7.944418
v 39.398398 -7.185118 7.185118
v 39.398398 -7.944418 6.335462
v 39.398398 -8.603811 5.406133
v 39.398398 -9.155007 4.408819
v 39.398398 -9.591074 3.356062
v 39.398398 -9.906527 2.261100
v 39.398398 -10.097399 1.137704
v 39.398398 -10.161292 0.000000
v 39.398398 -10.097399 -1.137704
v 39.398398 -9.906527 -2.261100
v 39.398398 -9.591074 -3.356062
v 39.398398 -9.155007 -4.408819
v 39.398398 -8.603811 -5.406133
v 39.398398 -7.944418 -6.335462
v 39.398398 -7.185118 -7.185118
v 39.398398 -6.335462 -7.944418
v 39.398398 -5.406133 -8.603811
v 39.398398 -4.408819 -9.155007
v 39.398398 -3.356062 -9.591074
v 39.398398 -2.261100 -9.906527
v 39.398398 -1.137704 -10.097399
v 39.398398 -0.000000 -10.161292
v 39.398398 1.137704 -10.097399
v 39.398398 2.261100 -9.906527
v 39.398398 3.356062 -9.591074
v 39.398398 4.408819 -9.155007
v 39.398398 5.406133 -8.603811
v 39.398398 6.335462 -7.944418
v 39.398398 7.185118 -7.185118
v 39.398398 7.944418 -6.335462
v 39.398398 8.603811 -5.406133
v 39.398398 9.155007 -4.408819
v 39.398398 9.591074 -3.356062
v 39.398398 9.906527 -2.261100
v 39.398398 10.097399 -1.137704
v 42.212569 9.636128 0.000000
v 42.212569 9.575538 1.078904
v 42.212569 9.394530 2.144240
v 42.212569 9.095380 3.182611
v 42.212569 8.681851 4.180959
v 42.212569 8.159143 5.126729
v 42.212569 7.533828 6.008027
v 42.212569 6.813771 6.813771
v 42.212569 6.008027 7.533828
v 42.212569 5.126729 8.159143
v 42.212569 4.180959 8.681851
v 42.212569 3.182611 9.095380
v 42.212569 2.144240 9.394530
v 42.212569 1.078904 9.575538
v 42.212569 0.000000 9.636128
v 42.212569 -1.078904 9.575538
v 42.212569 -2.144240 9.394530
v 42.212569 -3.182611 9.095380
v 42.212569 -4.180959 8.681851
v 42.212569 -5.126729 8.159143
v 42.212569 -6.008027 7.533828
v 42.212569 -6.813771 6.813771
v 42.212569 -7.533828 6.008027
v 42.212569 -8.159143 5.126729
v 42.212569 -8.681851 4.180959
v 42.212569 -9.095380 3.182611
v 42.212569 -9.394530 2.144240
v 42.212569 -9.575538 1.078904
v 42.212569 -9.636128 0.000000
v 42.212569 -9.575538 -1.078904
v 42.212569 -9.394530 -2.144240
v 42.212569 -9.095380 -3.182611
v 42.212569 -8.681851 -4.180959
v 42.212569 -8.159143 -5.126729
v 42.212569 -7.533828 -6.008027
v 42.212569 -6.813771 -6.813771
v 42.212569 -6.008027 -7.533828
v 42.212569 -5.126729 -8.159143
v 42.212569 -4.180959 -8.681851
v 42.212569 -3.182611 -9.095380
v 42.212569 -2.144240 -9.394530
v 42.212569 -1.078904 -9.575538
v 42.212569 -0.000000 -9.636128
v 42.212569 1.078904 -9.575538
v 42.212569 2.144240 -9.394530
v 42.212569 3.182611 -9.095380
v 42.212569 4.180959 -8.681851
v 42.212569 5.126729 -8.159143
v 42.212569 6.008027 -7.533828
v 42.212569 6.813771 -6.813771
v 42.212569 7.533828 -6.008027
v 42.212569 8.159143 -5.126729
v 42.212569 8.681851 -4.180959
v 42.212569 9.095380 -3.182611
v 42.212569 9.394530 -2.144240
v 42.212569 9.575538 -1.078904
v 45.026740 9.041075 0.000000
v 45.026740 8.984227 1.012279
v 45.026740 8.814397 2.011829
v 45.026740 8.533720 2.986078
v 45.026740 8.145727 3.922776
v 45.026740 7.655297 4.810142
v 45.026740 7.068597 5.637018
v 45.026740 6.393006 6.393006
v 45.026740 5.637018 7.068597
v 45.026740 4.810142 7.655297
v 45.026740 3.922776 8.145727
v 45.026740 2.986078 8.533720
v 45.026740 2.011829 8.814397
v 45.026740 1.012279 8.984227
v 45.026740 0.000000 9.041075
v 45.026740 -1.012279 8.984227
v 45.026740 -2.011829 8.814397
v 45.026740 -2.986078 8.533720
v 45.026740 -3.922776 8.145727
v 45.026740 -4.810142 7.655297
v 45.026740 -5.637018 7.068597
v 45.026740 -6.393006 6.393006
v 45.026740 -7.068597 5.637018
v 45.026740 -7.655297 4.810142
v 45.026740 -8.145727 3.922776
v 45.026740 -8.533720 2.986078
v 45.026740 -8.814397 2.011829
v 45.026740 -8.984227 1.012279
v 45.026740 -9.041075 0.000000
v 45.026740 -8.984227 -1.012279
v 45.026740 -8.814397 -2.011829
v 45.026740 -8.533720 -2.986078
v 45.026740 -8.145727 -3.922776
v 45.026740 -7.655297 -4.810142
v 45.026740 -7.068597 -5.637018
v 45.026740 -6.393006 -6.393006
v 45.026740 -5.637018 -7.068597
v 45.026740 -4.810142 -7.655297
v 45.026740 -3.922776 -8.145727
v 45.026740 -2.986078 -8.533720
v 45.026740 -2.011829 -8.814397
v 45.026740 -1.012279 -8.984227
v 45.026740 -0.000000 -9.041075
v 45.026740 1.012279 -8.984227
v 45.026740 2.011829 -8.814397
v 45.026740 2.986078 -8.533720
v 45.026740 3.922776 -8.145727
v 45.026740 4.810142 -7.655297
v 45.026740 5.637018 -7.068597
v 45.026740 6.393006 -6.393006
v 45.026740 7.068597 -5.637018
v 45.026740 7.655297 -4.810142
v 45.026740 8.145727 -3.922776
v 45.026740 8.533720 -2.986078
v 45.026740 8.814397 -2.011829
v 45.026740 8.984227 -1.012279
v 47.840912 8.361226 0.000000
v 47.840912 8.308653 0.936160
v 47.840912 8.151593 1.860548
v 47.840912 7.892022 2.761538
v 47.840912 7.533205 3.627800
v 47.840912 7.079653 4.448441
v 47.840912 6.537070 5.213139
v 47.840912 5.912280 5.912280
v 47.840912 5.213139 6.537070
v 47.840912 4.448441 7.079653
v 47.840912 3.627800 7.533205
v 47.840912 2.761538 7.892022
v 47.840912 1.860548 8.151593
v 47.840912 0.936160 8.308653
v 47.840912 0.000000 8.361226
v 47.840912 -0.936160 8.308653
v 47.840912 -1.860548 8.151593
v 47.840912 -2.761538 7.892022
v 47.840912 -3.627800 7.533205
v 47.840912 -4.448441 7.079653
v 47.840912 -5.213139 6.537070
v 47.840912 -5.912280 5.912280
v 47.840912 -6.537070 5.213139
v 47.840912 -7.079653 4.448441
v 47.840912 -7.533205 3.627800
v 47.840912 -7.892022 2.761538
v 47.840912 -8.151593 1.860548
v 47.840912 -8.308653 0.936160
v 47.840912 -8.361226 0.000000
v 47.840912 -8.308653 -0.936160
v 47.840912 -8.151593 -1.860548
v 47.840912 -7.892022 -2.761538
v 47.840912 -7.533205 -3.627800
v 47.840912 -7.079653 -4.448441
v 47.840912 -6.537070 -5.213139
v 47.840912 -5.912280 -5.912280
v 47.840912 -5.213139 -6.537070
v 47.840912 -4.448441 -7.079653
v 47.840912 -3.627800 -7.533205
v 47.840912 -2.761538 -7.892022
v 47.840912 -1.860548 -8.151593
v 47.840912 -0.936160 -8.308653
v 47.840912 -0.000000 -8.361226
v 47.840912 0.936160 -8.308653
v 47.840912 1.860548 -8.151593
v 47.840912 2.761538 -7.892022
v 47.840912 3.627800 -7.533205
v 47.840912 4.448441 -7.079653
v 47.840912 5.213139 -6.537070
v 47.840912 5.912280 -5.912280
v 47.840912 6.537070 -5.213139
v 47.840912 7.079653 -4.448441
v 47.840912 7.533205 -3.627800
v 47.840912 7.892022 -2.761538
v 47.840912 8.151593 -1.860548
v 47.840912 8.308653 -0.936160
v 50.655083 7.573780 0.000000
v 50.655083 7.526157 0.847994
v 50.655083 7.383889 1.685324
v 50.655083 7.148764 2.501461
v 50.655083 6.823740 3.286140
v 50.655083 6.412902 4.029494
v 50.655083 5.921419 4.722174
v 50.655083 5.355471 5.355471
v 50.655083 4.722174 5.921419
v 50.655083 4.029494 6.412902
v 50.655083 3.286140 6.823740
v 50.655083 2.501461 7.148764
v 50.655083 1.685324 7.383889
v 50.655083 0.847994 7.526157
v 50.655083 0.000000 7.573780
v 50.655083 -0.847994 7.526157
v 50.655083 -1.685324 7.383889
v 50.655083 -2.501461 7.148764
v 50.655083 -3.286140 6.823740
v 50.655083 -4.029494 6.412902
v 50.655083 -4.722174 5.921419
v 50.655083 -5.355471 5.355471
v 50.655083 -5.921419 4.722174
v 50.655083 -6.412902 4.029494
v 50.655083 -6.823740 3.286140
v 50.655083 -7.148764 2.501461
v 50.655083 -7.383889 1.685324
v 50.655083 -7.526157 0.847994
v 50.655083 -7.573780 0.000000
v 50.655083 -7.526157 -0.847994
v 50.655083 -7.383889 -1.685324
v 50.655083 -7.148764 -2.501461
v 50.655083 -6.823740 -3.286140
v 50.655083 -6.412902 -4.029494
v 50.655083 -5.921419 -4.722174
v 50.655083 -5.355471 -5.355471
v 50.655083 -4.722174 -5.921419
v 50.655083 -4.029494 -6.412902
v 50.655083 -3.286140 -6.823740
v 50.655083 -2.501461 -7.148764
v 50.655083 -1.685324 -7.383889
v 50.655083 -0.847994 -7.526157
v 50.655083 -0.000000 -7.573780
v 50.655083 0.847994 -7.526157
v 50.655083 1.685324 -7.383889
v 50.655083 2.501461 -7.148764
v 50.655083 3.286140 -6.823740
v 50.655083 4.029494 -6.412902
v 50.655083 4.722174 -5.921419
v 50.655083 5.355471 -5.355471
v 50.655083 5.921419 -4.722174
v 50.655083 6.412902 -4.029494
v 50.655083 6.823740 -3.286140
v 50.655083 7.148764 -2.501461
v 50.655083 7.383889 -1.685324
v 50.655083 7.526157 -0.847994
v 53.469254 6.640568 0.000000
v 53.469254 6.598813 0.743508
v 53.469254 6.474075 1.477665
v 53.469254 6.267921 2.193241
v 53.469254 5.982945 2.881234
v 53.469254 5.622730 3.532995
v 53.469254 5.191805 4.140326
v 53.469254 4.695591 4.695591
v 53.469254 4.140326 5.191805
v 53.469254 3.532995 5.622730
v 53.469254 2.881234 5.982945
v 53.469254 2.193241 6.267921
v 53.469254 1.477665 6.474075
v 53.469254 0.743508 6.598813
v 53.469254 0.000000 6.640568
v 53.469254 -0.743508 6.598813
v 53.469254 -1.477665 6.474075
v 53.469254 -2.193241 6.267921
v 53.469254 -2.881234 5.982945
v 53.469254 -3.532995 5.622730
v 53.469254 -4.140326 5.191805
v 53.469254 -4.695591 4.695591
v 53.469254 -5.191805 4.140326
v 53.469254 -5.622730 3.532995
v 53.469254 -5.982945 2.881234
v 53.469254 -6.267921 2.193241
v 53.469254 -6.474075 1.477665
v 53.469254 -6.598813 0.743508
v 53.469254 -6.640568 0.000000
v 53.469254 -6.598813 -0.743508
v 53.469254 -6.474075 -1.477665
v 53.469254 -6.267921 -2.193241
v 53.469254 -5.982945 -2.881234
v 53.469254 -5.622730 -3.532995
v 53.469254 -5.191805 -4.140326
v 53.469254 -4.695591 -4.695591
v 53.469254 -4.140326 -5.191805
v 53.469254 -3.532995 -5.622730
v 53.469254 -2.881234 -5.982945
v 53.469254 -2.193241 -6.267921
v 53.469254 -1.477665 -6.474075
v 53.469254 -0.743508 -6.598813
v 53.469254 -0.000000 -6.640568
v 53.469254 0.743508 -6.598813
v 53.469254 1.477665 -6.474075
v 53.469254 2.193241 -6.267921
v 53.469254 2.881234 -5.982945
v 53.469254 3.532995 -5.622730
v 53.469254 4.140326 -5.191805
v 53.469254 4.695591 -4.695591
v 53.469254 5.191805 -4.140326
v 53.469254 5.622730 -3.532995
v 53.469254 5.982945 -2.881234
v 53.469254 6.267921 -2.193241
v 53.469254 6.474075 -1.477665
v 53.469254 6.598813 -0.743508
v 56.283426 5.487725 0.000000
v 56.283426 5.453219 0.614430
v 56.283426 5.350136 1.221134
v 56.283426 5.179772 1.812481
v 56.283426 4.944269 2.381034
v 56.283426 4.646589 2.919646
v 56.283426 4.290476 3.421540
v 56.283426 3.880407 3.880407
v 56.283426 3.421540 4.290476
v 56.283426 2.919646 4.646589
v 56.283426 2.381034 4.944269
v 56.283426 1.812481 5.179772
v 56.283426 1.221134 5.350136
v 56.283426 0.614430 5.453219
v 56.283426 0.000000 5.487725
v 56.283426 -0.614430 5.453219
v 56.283426 -1.221134 5.350136
v 56.283426 -1.812481 5.179772
v 56.283426 -2.381034 4.944269
v 56.283426 -2.919646 4.646589
v 56.283426 -3.421540 4.290476
v 56.283426 -3.880407 3.880407
v 56.283426 -4.290476 3.421540
v 56.283426 -4.646589 2.919646
v 56.283426 -4.944269 2.381034
v 56.283426 -5.179772 1.812481
v 56.283426 -5.350136 1.221134
v 56.283426 -5.453219 0.614430
v 56.283426 -5.487725 0.000000
v 56.283426 -5.453219 -0.614430
v 56.283426 -5.350136 -1.221134
v 56.283426 -5.179772 -1.812481
v 56.283426 -4.944269 -2.381034
v 56.283426 -4.646589 -2.919646
v 56.283426 -4.290476 -3.421540
v 56.283426 -3.880407 -3.880407
v 56.283426 -3.421540 -4.290476
v 56.283426 -2.919646 -4.646589
v 56.283426 -2.381034 -4.944269
v 56.283426 -1.812481 -5.179772
v 56.283426 -1.221134 -5.350136
v 56.283426 -0.614430 -5.453219
v 56.283426 -0.000000 -5.487725
v 56.283426 0.614430 -5.453219
v 56.283426 1.221134 -5.350136
v 56.283426 1.812481 -5.179772
v 56.283426 2.381034 -4.944269
v 56.283426 2.919646 -4.646589
v 56.283426 3.421540 -4.290476
v 56.283426 3.880407 -3.880407
v 56.283426 4.290476 -3.421540
v 56.283426 4.646589 -2.919646
v 56.283426 4.944269 -2.381034
v 56.283426 5.179772 -1.812481
v 56.283426 5.350136 -1.221134
v 56.283426 5.453219 -0.614430
v 59.097597 3.926331 0.000000
v 59.097597 3.901643 0.439610
v 59.097597 3.827890 0.873691
v 59.097597 3.705998 1.296785
v 59.097597 3.537502 1.703571
v 59.097597 3.324519 2.088934
v 59.097597 3.069729 2.448027
v 59.097597 2.776335 2.776335
v 59.097597 2.448027 3.069729
v 59.097597 2.088934 3.324519
v 59.097597 1.703571 3.537502
v 59.097597 1.296785 3.705998
v 59.097597 0.873691 3.827890
v 59.097597 0.439610 3.901643
v 59.097597 0.000000 3.926331
v 59.097597 -0.439610 3.901643
v 59.097597 -0.873691 3.827890
v 59.097597 -1.296785 3.705998
v 59.097597 -1.703571 3.537502
v 59.097597 -2.088934 3.324519
v 59.097597 -2.448027 3.069729
v 59.097597 -2.776335 2.776335
v 59.097597 -3.069729 2.448027
v 59.097597 -3.324519 2.088934
v 59.097597 -3.537502 1.703571
v 59.097597 -3.705998 1.296785
v 59.097597 -3.827890 0.873691
v 59.097597 -3.901643 0.439610
v 59.097597 -3.926331 0.000000
v 59.097597 -3.901643 -0.439610
v 59.097597 -3.827890 -0.873691
v 59.097597 -3.705998 -1.296785
v 59.097597 -3.537502 -1.703571
v 59.097597 -3.324519 -2.088934
v 59.097597 -3.069729 -2.448027
v 59.097597 -2.776335 -2.776335
v 59.097597 -2.448027 -3.069729
v 59.097597 -2.088934 -3.324519
v 59.097597 -1.703571 -3.537502
v 59.097597 -1.296785 -3.705998
v 59.097597 -0.873691 -3.827890
v 59.097597 -0.439610 -3.901643
v 59.097597 -0.000000 -3.926331
v 59.097597 0.439610 -3.901643
v 59.097597 0.873691 -3.827890
v 59.097597 1.296785 -3.705998
v 59.097597 1.703571 -3.537502
v 59.097597 2.088934 -3.324519
v 59.097597 2.448027 -3.069729
v 59.097597 2.776335 -2.776335
v 59.097597 3.069729 -2.448027
v 59.097597 3.324519 -2.088934
v 59.097597 3.537502 -1.703571
v 59.097597 3.705998 -1.296785
v 59.097597 3.827890 -0.873691
v 59.097597 3.901643 -0.439610
v 1.499123 0.000000 -0.125660
v 1.489736 0.000000 -0.097031
v 1.461286 0.000000 -0.034251
v 1.413760 0.000000 0.054982
v 1.347271 0.000000 0.167416
v 1.262013 0.000000 0.300904
v 1.158245 0.000000 0.453745
v 1.036292 0.000000 0.624423
v 0.896539 0.000000 0.811466
v 0.739428 0.000000 1.013353
v 0.565459 0.000000 1.228450
v 0.375184 0.000000 1.454963
v 0.169206 0.000000 1.690907
v -0.051823 0.000000 1.934079
v -0.287205 0.000000 2.182051
v -0.536198 0.000000 2.432175
v -0.798019 0.000000 2.681595
v -1.071843 0.000000 2.927279
v -1.356811 0.000000 3.166056
v -1.652029 0.000000 3.394674
v -1.956568 0.000000 3.609857
v -2.269471 0.000000 3.808385
v -2.589750 0.000000 3.987164
v -2.916394 0.000000 4.143311
v -3.248365 0.000000 4.274233
v -3.584607 0.000000 4.377700
v -3.924043 0.000000 4.451914
v -4.265580 0.000000 4.495568
v -4.608115 0.000000 4.507883
v -4.950530 0.000000 4.488638
v -5.291707 0.000000 4.438177
v -5.630522 0.000000 4.357399
v -5.965853 0.000000 4.247732
v -6.296585 0.000000 4.111088
v -6.621613 0.000000 3.949808
v -6.939846 0.000000 3.766587
v -7.250213 0.000000 3.564408
v -7.551666 0.000000 3.346452
v -7.843186 0.000000 3.116021
v -8.123786 0.000000 2.876461
v -8.392516 0.000000 2.631089
v -8.648464 0.000000 2.383130
v -8.890764 0.000000 2.135667
v -9.118597 0.000000 1.891600
v -9.331192 0.000000 1.653621
v -9.527834 0.000000 1.424201
v -9.707859 0.000000 1.205591
v -9.870662 0.000000 0.999836
v -10.015694 0.000000 0.808803
v -10.142469 0.000000 0.634228
v -10.250555 0.000000 0.477769
v -10.339586 0.000000 0.341101
v -10.409250 0.000000 0.226057
v -10.459296 0.000000 0.134888
v -10.489516 0.000000 0.070917
v -10.499708 0.000000 0.041887
v -10.490245 0.000000 0.018729
v -10.461565 0.000000 -0.027654
v -10.413658 0.000000 -0.089623
v -10.346639 0.000000 -0.164026
v -10.260702 0.000000 -0.248872
v -10.156110 0.000000 -0.342683
v -10.033192 0.000000 -0.444251
v -9.892338 0.000000 -0.552510
v -9.734000 0.000000 -0.666466
v -9.558684 0.000000 -0.785147
v -9.366956 0.000000 -0.907576
v -9.159431 0.000000 -1.032745
v -8.936777 0.000000 -1.159604
v -8.699712 0.000000 -1.287052
v -8.448999 0.000000 -1.413936
v -8.185443 0.000000 -1.539056
v -7.909893 0.000000 -1.661166
v -7.623235 0.000000 -1.778992
v -7.326393 0.000000 -1.891245
v -7.020321 0.000000 -1.996640
v -6.706004 0.000000 -2.093914
v -6.384457 0.000000 -2.181857
v -6.056714 0.000000 -2.259329
v -5.723836 0.000000 -2.325291
v -5.386897 0.000000 -2.378826
v -5.046988 0.000000 -2.419163
v -4.705211 0.000000 -2.445698
v -4.362677 0.000000 -2.458013
v -4.020500 0.000000 -2.455886
v -3.679797 0.000000 -2.439303
v -3.341679 0.000000 -2.408457
v -3.007255 0.000000 -2.363750
v -2.677622 0.000000 -2.305781
v -2.353862 0.000000 -2.235337
v -2.037043 0.000000 -2.153370
v -1.728209 0.000000 -2.060980
v -1.428381 0.000000 -1.959388
v -1.138549 0.000000 -1.849908
v -0.859675 0.000000 -1.733922
v -0.592681 0.000000 -1.612850
v -0.338454 0.000000 -1.488131
v -0.097837 0.000000 -1.361192
v 0.128372 0.000000 -1.233438
v 0.339421 0.000000 -1.106234
v 0.534609 0.000000 -0.980899
v 0.713288 0.000000 -0.858704
v 0.874863 0.000000 -0.740879
v 1.018795 0.000000 -0.628631
v 1.144604 0.000000 -0.523166
v 1.251867 0.000000 -0.425737
v 1.340218 0.000000 -0.337711
v 1.409352 0.000000 -0.260699
v 1.459016 0.000000 -0.196794
v 1.489007 0.000000 -0.149219
v 1.499123 0.000000 -0.125660
v 2.293917 8.000000 0.393082
v 2.285831 8.000000 0.412707
v 2.261544 8.000000 0.455645
v 2.221117 8.000000 0.516587
v 2.164675 8.000000 0.593293
v 2.092398 8.000000 0.684282
v 2.004517 8.000000 0.788384
v 1.901319 8.000000 0.904559
v 1.783136 8.000000 1.031795
v 1.650352 8.000000 1.169050
v 1.503399 8.000000 1.315206
v 1.342752 8.000000 1.469035
v 1.168933 8.000000 1.629181
v 0.982506 8.000000 1.794137
v 0.784073 8.000000 1.962249
v 0.574280 8.000000 2.131706
v 0.353803 8.000000 2.300563
v 0.123359 8.000000 2.466750
v -0.116308 8.000000 2.628108
v -0.364422 8.000000 2.782420
v -0.620179 8.000000 2.927456
v -0.882751 8.000000 3.061024
v -1.151287 8.000000 3.181020
v -1.424917 8.000000 3.285485
v -1.702754 8.000000 3.372657
v -1.983895 8.000000 3.441024
v -2.267427 8.000000 3.489370
v -2.552428 8.000000 3.516812
v -2.837969 8.000000 3.522830
v -3.123120 8.000000 3.507283
v -3.406950 8.000000 3.470416
v -3.688530 8.000000 3.412854
v -3.966941 8.000000 3.335581
v -4.241270 8.000000 3.239911
v -4.510618 8.000000 3.127451
v -4.774101 8.000000 3.000048
v -5.030854 8.000000 2.859746
v -5.280033 8.000000 2.708723
v -5.520820 8.000000 2.549240
v -5.752423 8.000000 2.383587
v -5.974080 8.000000 2.214034
v -6.185064 8.000000 2.042788
v -6.384679 8.000000 1.871959
v -6.572270 8.000000 1.703533
v -6.747221 8.000000 1.539353
v -6.908957 8.000000 1.381109
v -7.056947 8.000000 1.230346
v -7.190705 8.000000 1.088465
v -7.309792 8.000000 0.956747
v -7.413816 8.000000 0.836382
v -7.502436 8.000000 0.728512
v -7.575360 8.000000 0.634288
v -7.632347 8.000000 0.554972
v -7.673206 8.000000 0.492114
v -7.697797 8.000000 0.448007
v -7.706022 8.000000 0.427989
v -7.697923 8.000000 0.412012
v -7.673598 8.000000 0.380006
v -7.633107 8.000000 0.337242
v -7.576576 8.000000 0.285892
v -7.504186 8.000000 0.227335
v -7.416168 8.000000 0.162589
v -7.312809 8.000000 0.092492
v -7.194443 8.000000 0.017783
v -7.061454 8.000000 -0.060846
v -6.914277 8.000000 -0.142719
v -6.753388 8.000000 -0.227152
v -6.579311 8.000000 -0.313441
v -6.392613 8.000000 -0.400849
v -6.193900 8.000000 -0.488603
v -5.983819 8.000000 -0.575894
v -5.763054 8.000000 -0.661875
v -5.532321 8.000000 -0.745673
v -5.292373 8.000000 -0.826389
v -5.043989 8.000000 -0.903118
v -4.787976 8.000000 -0.974954
v -4.525169 8.000000 -1.041014
v -4.256421 8.000000 -1.100447
v -3.982607 8.000000 -1.152457
v -3.704620 8.000000 -1.196319
v -3.423362 8.000000 -1.231395
v -3.139751 8.000000 -1.257153
v -2.854711 8.000000 -1.273182
v -2.569169 8.000000 -1.279199
v -2.284058 8.000000 -1.275066
v -2.000308 8.000000 -1.260787
v -1.718843 8.000000 -1.236516
v -1.440583 8.000000 -1.202553
v -1.166438 8.000000 -1.159338
v -0.897301 8.000000 -1.107441
v -0.634054 8.000000 -1.047547
v -0.377557 8.000000 -0.980444
v -0.128648 8.000000 -0.907004
v 0.111857 8.000000 -0.828162
v 0.343173 8.000000 -0.744899
v 0.564541 8.000000 -0.658221
v 0.775237 8.000000 -0.569142
v 0.974572 8.000000 -0.478671
v 1.161893 8.000000 -0.387794
v 1.336586 8.000000 -0.297469
v 1.498080 8.000000 -0.208622
v 1.645845 8.000000 -0.122142
v 1.779399 8.000000 -0.038886
v 1.898302 8.000000 0.040304
v 2.002165 8.000000 0.114591
v 2.090648 8.000000 0.183104
v 2.163459 8.000000 0.244897
v 2.220357 8.000000 0.298857
v 2.261153 8.000000 0.343537
v 2.285706 8.000000 0.376712
v 2.293917 8.000000 0.393082
v 2.707234 22.000000 1.248257
v 2.702840 22.000000 1.254520
v 2.689796 22.000000 1.268133
v 2.668187 22.000000 1.287371
v 2.638099 22.000000 1.311508
v 2.599641 22.000000 1.340066
v 2.552944 22.000000 1.372668
v 2.498167 22.000000 1.408980
v 2.435492 22.000000 1.448678
v 2.365131 22.000000 1.491429
v 2.287317 22.000000 1.536875
v 2.202310 22.000000 1.584624
v 2.110394 22.000000 1.634243
v 2.011877 22.000000 1.685250
v 1.907089 22.000000 1.737116
v 1.796382 22.000000 1.789263
v 1.680129 22.000000 1.841066
v 1.558719 22.000000 1.891864
v 1.432563 22.000000 1.940965
v 1.302085 22.000000 1.987661
v 1.167724 22.000000 2.031237
v 1.029932 22.000000 2.070994
v 0.889173 22.000000 2.106259
v 0.745917 22.000000 2.136409
v 0.600643 22.000000 2.160882
v 0.453835 22.000000 2.179201
v 0.305980 22.000000 2.190983
v 0.157565 22.000000 2.195954
v 0.009078 22.000000 2.193957
v -0.138996 22.000000 2.184960
v -0.286175 22.000000 2.169056
v -0.431983 22.000000 2.146460
v -0.575951 22.000000 2.117504
v -0.717618 22.000000 2.082629
v -0.856531 22.000000 2.042368
v -0.992251 22.000000 1.997334
v -1.124346 22.000000 1.948203
v -1.252399 22.000000 1.895694
v -1.376008 22.000000 1.840552
v -1.494783 22.000000 1.783534
v -1.608349 22.000000 1.725386
v -1.716351 22.000000 1.666836
v -1.818447 22.000000 1.608579
v -1.914317 22.000000 1.551268
v -2.003657 22.000000 1.495512
v -2.086186 22.000000 1.441867
v -2.161643 22.000000 1.390843
v -2.229788 22.000000 1.342901
v -2.290406 22.000000 1.298463
v -2.343305 22.000000 1.257922
v -2.388319 22.000000 1.221654
v -2.425306 22.000000 1.190035
v -2.454155 22.000000 1.163480
v -2.474781 22.000000 1.142495
v -2.487134 22.000000 1.127826
v -2.491213 22.000000 1.121209
v -2.486848 22.000000 1.116131
v -2.473891 22.000000 1.106070
v -2.452426 22.000000 1.092738
v -2.422540 22.000000 1.076840
v -2.384339 22.000000 1.058819
v -2.337955 22.000000 1.039004
v -2.283543 22.000000 1.017663
v -2.221286 22.000000 0.995031
v -2.151390 22.000000 0.971328
v -2.074086 22.000000 0.946768
v -1.989630 22.000000 0.921566
v -1.898301 22.000000 0.895943
v -1.800400 22.000000 0.870132
v -1.696250 22.000000 0.844374
v -1.586196 22.000000 0.818925
v -1.470600 22.000000 0.794048
v -1.349845 22.000000 0.770019
v -1.224329 22.000000 0.747118
v -1.094467 22.000000 0.725630
v -0.960687 22.000000 0.705836
v -0.823432 22.000000 0.688013
v -0.683153 22.000000 0.672425
v -0.540314 22.000000 0.659318
v -0.395384 22.000000 0.648917
v -0.248840 22.000000 0.641414
v -0.101164 22.000000 0.636971
v 0.047160 22.000000 0.635709
v 0.195647 22.000000 0.637706
v 0.343812 22.000000 0.642994
v 0.491170 22.000000 0.651560
v 0.637242 22.000000 0.663339
v 0.781554 22.000000 0.678223
v 0.923638 22.000000 0.696055
v 1.063032 22.000000 0.716639
v 1.199287 22.000000 0.739739
v 1.331964 22.000000 0.765088
v 1.460633 22.000000 0.792390
v 1.584882 22.000000 0.821330
v 1.704311 22.000000 0.851580
v 1.818536 22.000000 0.882801
v 1.927190 22.000000 0.914655
v 2.029924 22.000000 0.946804
v 2.126410 22.000000 0.978918
v 2.216337 22.000000 1.010678
v 2.299417 22.000000 1.041775
v 2.375383 22.000000 1.071914
v 2.443994 22.000000 1.100808
v 2.505029 22.000000 1.128179
v 2.558294 22.000000 1.153749
v 2.603620 22.000000 1.177231
v 2.640866 22.000000 1.198312
v 2.669916 22.000000 1.216629
v 2.690686 22.000000 1.231708
v 2.703125 22.000000 1.242825
v 2.707234 22.000000 1.248257
v 4.692053 36.250000 1.993987
v 4.689997 36.250000 1.995825
v 4.683919 36.250000 1.999750
v 4.673865 36.250000 2.005231
v 4.659878 36.250000 2.012048
v 4.642012 36.250000 2.020054
v 4.620329 36.250000 2.029136
v 4.594903 36.250000 2.039195
v 4.565820 36.250000 2.050134
v 4.533179 36.250000 2.061855
v 4.497090 36.250000 2.074255
v 4.457673 36.250000 2.087217
v 4.415063 36.250000 2.100616
v 4.369403 36.250000 2.114312
v 4.320848 36.250000 2.128150
v 4.269563 36.250000 2.141963
v 4.215721 36.250000 2.155569
v 4.159508 36.250000 2.168777
v 4.101113 36.250000 2.181386
v 4.040736 36.250000 2.193191
v 3.978583 36.250000 2.203986
v 3.914865 36.250000 2.213571
v 3.849799 36.250000 2.221751
v 3.783605 36.250000 2.228350
v 3.716505 36.250000 2.233209
v 3.648725 36.250000 2.236193
v 3.580491 36.250000 2.237199
v 3.512029 36.250000 2.236153
v 3.443565 36.250000 2.233017
v 3.375322 36.250000 2.227792
v 3.307523 36.250000 2.220513
v 3.240384 36.250000 2.211254
v 3.174123 36.250000 2.200124
v 3.108948 36.250000 2.187260
v 3.045067 36.250000 2.172832
v 2.982680 36.250000 2.157029
v 2.921982 36.250000 2.140060
v 2.863163 36.250000 2.122148
v 2.806405 36.250000 2.103522
v 2.751884 36.250000 2.084414
v 2.699771 36.250000 2.065053
v 2.650226 36.250000 2.045662
v 2.603402 36.250000 2.026455
v 2.559447 36.250000 2.007633
v 2.518495 36.250000 1.989381
v 2.480676 36.250000 1.971872
v 2.446107 36.250000 1.955261
v 2.414896 36.250000 1.939693
v 2.387141 36.250000 1.925296
v 2.362929 36.250000 1.912194
v 2.342334 36.250000 1.900501
v 2.325420 36.250000 1.890335
v 2.312238 36.250000 1.881823
v 2.302822 36.250000 1.875123
v 2.297193 36.250000 1.870464
v 2.295343 36.250000 1.868380
v 2.297381 36.250000 1.866870
v 2.303409 36.250000 1.863928
v 2.313377 36.250000 1.860080
v 2.327244 36.250000 1.855542
v 2.344957 36.250000 1.850451
v 2.366455 36.250000 1.844906
v 2.391664 36.250000 1.838989
v 2.420500 36.250000 1.832771
v 2.452864 36.250000 1.826318
v 2.488651 36.250000 1.819697
v 2.527740 36.250000 1.812972
v 2.570003 36.250000 1.806211
v 2.615297 36.250000 1.799485
v 2.663474 36.250000 1.792869
v 2.714372 36.250000 1.786441
v 2.767823 36.250000 1.780283
v 2.823649 36.250000 1.774480
v 2.881664 36.250000 1.769119
v 2.941675 36.250000 1.764287
v 3.003483 36.250000 1.760071
v 3.066883 36.250000 1.756554
v 3.131664 36.250000 1.753816
v 3.197611 36.250000 1.751932
v 3.264507 36.250000 1.750966
v 3.332130 36.250000 1.750973
v 3.400258 36.250000 1.751998
v 3.468666 36.250000 1.754070
v 3.537130 36.250000 1.757206
v 3.605427 36.250000 1.761405
v 3.673333 36.250000 1.766654
v 3.740628 36.250000 1.772920
v 3.807093 36.250000 1.780159
v 3.872515 36.250000 1.788307
v 3.936682 36.250000 1.797293
v 3.999387 36.250000 1.807028
v 4.060429 36.250000 1.817418
v 4.119614 36.250000 1.828357
v 4.176752 36.250000 1.839735
v 4.231660 36.250000 1.851438
v 4.284164 36.250000 1.863351
v 4.334097 36.250000 1.875356
v 4.381298 36.250000 1.887341
v 4.425619 36.250000 1.899194
v 4.466919 36.250000 1.910807
v 4.505065 36.250000 1.922080
v 4.539937 36.250000 1.932912
v 4.571424 36.250000 1.943212
v 4.599426 36.250000 1.952887
v 4.623855 36.250000 1.961849
v 4.644635 36.250000 1.970005
v 4.661702 36.250000 1.977256
v 4.675004 36.250000 1.983488
v 4.684505 36.250000 1.988554
v 4.690186 36.250000 1.992231
v 4.692053 36.250000 1.993987
v 1.499123 -0.000000 -0.125660
v 1.489736 -0.000000 -0.097031
v 1.461286 -0.000000 -0.034251
v 1.413760 -0.000000 0.054982
v 1.347271 -0.000000 0.167416
v 1.262013 -0.000000 0.300904
v 1.158245 -0.000000 0.453745
v 1.036292 -0.000000 0.624423
v 0.896539 -0.000000 0.811466
v 0.739428 -0.000000 1.013353
v 0.565459 -0.000000 1.228450
v 0.375184 -0.000000 1.454963
v 0.169206 -0.000000 1.690907
v -0.051823 -0.000000 1.934079
v -0.287205 -0.000000 2.182051
v -0.536198 -0.000000 2.432175
v -0.798019 -0.000000 2.681595
v -1.071843 -0.000000 2.927279
v -1.356811 -0.000000 3.166056
v -1.652029 -0.000000 3.394674
v -1.956568 -0.000000 3.609857
v -2.269471 -0.000000 3.808385
v -2.589750 -0.000000 3.987164
v -2.916394 -0.000000 4.143311
v -3.248365 -0.000000 4.274233
v -3.584607 -0.000000 4.377700
v -3.924043 -0.000000 4.451914
v -4.265580 -0.000000 4.495568
v -4.608115 -0.000000 4.507883
v -4.950530 -0.000000 4.488638
v -5.291707 -0.000000 4.438177
v -5.630522 -0.000000 4.357399
v -5.965853 -0.000000 4.247732
v -6.296585 -0.000000 4.111088
v -6.621613 -0.000000 3.949808
v -6.939846 -0.000000 3.766587
v -7.250213 -0.000000 3.564408
v -7.551666 -0.000000 3.346452
v -7.843186 -0.000000 3.116021
v -8.123786 -0.000000 2.876461
v -8.392516 -0.000000 2.631089
v -8.648464 -0.000000 2.383130
v -8.890764 -0.000000 2.135667
v -9.118597 -0.000000 1.891600
v -9.331192 -0.000000 1.653621
v -9.527834 -0.000000 1.424201
v -9.707859 -0.000000 1.205591
v -9.870662 -0.000000 0.999836
v -10.015694 -0.000000 0.808803
v -10.142469 -0.000000 0.634228
v -10.250555 -0.000000 0.477769
v -10.339586 -0.000000 0.341101
v -10.409250 -0.000000 0.226057
v -10.459296 -0.000000 0.134888
v -10.489516 -0.000000 0.070917
v -10.499708 -0.000000 0.041887
v -10.490245 -0.000000 0.018729
v -10.461565 -0.000000 -0.027654
v -10.413658 -0.000000 -0.089623
v -10.346639 -0.000000 -0.164026
v -10.260702 -0.000000 -0.248872
v -10.156110 -0.000000 -0.342683
v -10.033192 -0.000000 -0.444251
v -9.892338 -0.000000 -0.552510
v -9.734000 -0.000000 -0.666466
v -9.558684 -0.000000 -0.785147
v -9.366956 -0.000000 -0.907576
v -9.159431 -0.000000 -1.032745
v -8.936777 -0.000000 -1.159604
v -8.699712 -0.000000 -1.287052
v -8.448999 -0.000000 -1.413936
v -8.185443 -0.000000 -1.539056
v -7.909893 -0.000000 -1.661166
v -7.623235 -0.000000 -1.778992
v -7.326393 -0.000000 -1.891245
v -7.020321 -0.000000 -1.996640
v -6.706004 -0.000000 -2.093914
v -6.384457 -0.000000 -2.181857
v -6.056714 -0.000000 -2.259329
v -5.723836 -0.000000 -2.325291
v -5.386897 -0.000000 -2.378826
v -5.046988 -0.000000 -2.419163
v -4.705211 -0.000000 -2.445698
v -4.362677 -0.000000 -2.458013
v -4.020500 -0.000000 -2.455886
v -3.679797 -0.000000 -2.439303
v -3.341679 -0.000000 -2.408457
v -3.007255 -0.000000 -2.363750
v -2.677622 -0.000000 -2.305781
v -2.353862 -0.000000 -2.235337
v -2.037043 -0.000000 -2.153370
v -1.728209 -0.000000 -2.060980
v -1.428381 -0.000000 -1.959388
v -1.138549 -0.000000 -1.849908
v -0.859675 -0.000000 -1.733922
v -0.592681 -0.000000 -1.612850
v -0.338454 -0.000000 -1.488131
v -0.097837 -0.000000 -1.361192
v 0.128372 -0.000000 -1.233438
v 0.339421 -0.000000 -1.106234
v 0.534609 -0.000000 -0.980899
v 0.713288 -0.000000 -0.858704
v 0.874863 -0.000000 -0.740879
v 1.018795 -0.000000 -0.628631
v 1.144604 -0.000000 -0.523166
v 1.251867 -0.000000 -0.425737
v 1.340218 -0.000000 -0.337711
v 1.409352 -0.000000 -0.260699
v 1.459016 -0.000000 -0.196794
v 1.489007 -0.000000 -0.149219
v 1.499123 -0.000000 -0.125660
v 2.293917 -8.000000 0.393082
v 2.285831 -8.000000 0.412707
v 2.261544 -8.000000 0.455645
v 2.221117 -8.000000 0.516587
v 2.164675 -8.000000 0.593293
v 2.092398 -8.000000 0.684282
v 2.004517 -8.000000 0.788384
v 1.901319 -8.000000 0.904559
v 1.783136 -8.000000 1.031795
v 1.650352 -8.000000 1.169050
v 1.503399 -8.000000 1.315206
v 1.342752 -8.000000 1.469035
v 1.168933 -8.000000 1.629181
v 0.982506 -8.000000 1.794137
v 0.784073 -8.000000 1.962249
v 0.574280 -8.000000 2.131706
v 0.353803 -8.000000 2.300563
v 0.123359 -8.000000 2.466750
v -0.116308 -8.000000 2.628108
v -0.364422 -8.000000 2.782420
v -0.620179 -8.000000 2.927456
v -0.882751 -8.000000 3.061024
v -1.151287 -8.000000 3.181020
v -1.424917 -8.000000 3.285485
v -1.702754 -8.000000 3.372657
v -1.983895 -8.000000 3.441024
v -2.267427 -8.000000 3.489370
v -2.552428 -8.000000 3.516812
v -2.837969 -8.000000 3.522830
v -3.123120 -8.000000 3.507283
v -3.406950 -8.000000 3.470416
v -3.688530 -8.000000 3.412854
v -3.966941 -8.000000 3.335581
v -4.241270 -8.000000 3.239911
v -4.510618 -8.000000 3.127451
v -4.774101 -8.000000 3.000048
v -5.030854 -8.000000 2.859746
v -5.280033 -8.000000 2.708723
v -5.520820 -8.000000 2.549240
v -5.752423 -8.000000 2.383587
v -5.974080 -8.000000 2.214034
v -6.185064 -8.000000 2.042788
v -6.384679 -8.000000 1.871959
v -6.572270 -8.000000 1.703533
v -6.747221 -8.000000 1.539353
v -6.908957 -8.000000 1.381109
v -7.056947 -8.000000 1.230346
v -7.190705 -8.000000 1.088465
v -7.309792 -8.000000 0.956747
v -7.413816 -8.000000 0.836382
v -7.502436 -8.000000 0.728512
v -7.575360 -8.000000 0.634288
v -7.632347 -8.000000 0.554972
v -7.673206 -8.000000 0.492114
v -7.697797 -8.000000 0.448007
v -7.706022 -8.000000 0.427989
v -7.697923 -8.000000 0.412012
v -7.673598 -8.000000 0.380006
v -7.633107 -8.000000 0.337242
v -7.576576 -8.000000 0.285892
v -7.504186 -8.000000 0.227335
v -7.416168 -8.000000 0.162589
v -7.312809 -8.000000 0.092492
v -7.194443 -8.000000 0.017783
v -7.061454 -8.000000 -0.060846
v -6.914277 -8.000000 -0.142719
v -6.753388 -8.000000 -0.227152
v -6.579311 -8.000000 -0.313441
v -6.392613 -8.000000 -0.400849
v -6.193900 -8.000000 -0.488603
v -5.983819 -8.000000 -0.575894
v -5.763054 -8.000000 -0.661875
v -5.532321 -8.000000 -0.745673
v -5.292373 -8.000000 -0.826389
v -5.043989 -8.000000 -0.903118
v -4.787976 -8.000000 -0.974954
v -4.525169 -8.000000 -1.041014
v -4.256421 -8.000000 -1.100447
v -3.982607 -8.000000 -1.152457
v -3.704620 -8.000000 -1.196319
v -3.423362 -8.000000 -1.231395
v -3.139751 -8.000000 -1.257153
v -2.854711 -8.000000 -1.273182
v -2.569169 -8.000000 -1.279199
v -2.284058 -8.000000 -1.275066
v -2.000308 -8.000000 -1.260787
v -1.718843 -8.000000 -1.236516
v -1.440583 -8.000000 -1.202553
v -1.166438 -8.000000 -1.159338
v -0.897301 -8.000000 -1.107441
v -0.634054 -8.000000 -1.047547
v -0.377557 -8.000000 -0.980444
v -0.128648 -8.000000 -0.907004
v 0.111857 -8.000000 -0.828162
v 0.343173 -8.000000 -0.744899
v 0.564541 -8.000000 -0.658221
v 0.775237 -8.000000 -0.569142
v 0.974572 -8.000000 -0.478671
v 1.161893 -8.000000 -0.387794
v 1.336586 -8.000000 -0.297469
v 1.498080 -8.000000 -0.208622
v 1.645845 -8.000000 -0.122142
v 1.779399 -8.000000 -0.038886
v 1.898302 -8.000000 0.040304
v 2.002165 -8.000000 0.114591
v 2.090648 -8.000000 0.183104
v 2.163459 -8.000000 0.244897
v 2.220357 -8.000000 0.298857
v 2.261153 -8.000000 0.343537
v 2.285706 -8.000000 0.376712
v 2.293917 -8.000000 0.393082
v 2.707234 -22.000000 1.248257
v 2.702840 -22.000000 1.254520
v 2.689796 -22.000000 1.268133
v 2.668187 -22.000000 1.287371
v 2.638099 -22.000000 1.311508
v 2.599641 -22.000000 1.340066
v 2.552944 -22.000000 1.372668
v 2.498167 -22.000000 1.408980
v 2.435492 -22.000000 1.448678
v 2.365131 -22.000000 1.491429
v 2.287317 -22.000000 1.536875
v 2.202310 -22.000000 1.584624
v 2.110394 -22.000000 1.634243
v 2.011877 -22.000000 1.685250
v 1.907089 -22.000000 1.737116
v 1.796382 -22.000000 1.789263
v 1.680129 -22.000000 1.841066
v 1.558719 -22.000000 1.891864
v 1.432563 -22.000000 1.940965
v 1.302085 -22.000000 1.987661
v 1.167724 -22.000000 2.031237
v 1.029932 -22.000000 2.070994
v 0.889173 -22.000000 2.106259
v 0.745917 -22.000000 2.136409
v 0.600643 -22.000000 2.160882
v 0.453835 -22.000000 2.179201
v 0.305980 -22.000000 2.190983
v 0.157565 -22.000000 2.195954
v 0.009078 -22.000000 2.193957
v -0.138996 -22.000000 2.184960
v -0.286175 -22.000000 2.169056
v -0.431983 -22.000000 2.146460
v -0.575951 -22.000000 2.117504
v -0.717618 -22.000000 2.082629
v -0.856531 -22.000000 2.042368
v -0.992251 -22.000000 1.997334
v -1.124346 -22.000000 1.948203
v -1.252399 -22.000000 1.895694
v -1.376008 -22.000000 1.840552
v -1.494783 -22.000000 1.783534
v -1.608349 -22.000000 1.725386
v -1.716351 -22.000000 1.666836
v -1.818447 -22.000000 1.608579
v -1.914317 -22.000000 1.551268
v -2.003657 -22.000000 1.495512
v -2.086186 -22.000000 1.441867
v -2.161643 -22.000000 1.390843
v -2.229788 -22.000000 1.342901
v -2.290406 -22.000000 1.298463
v -2.343305 -22.000000 1.257922
v -2.388319 -22.000000 1.221654
v -2.425306 -22.000000 1.190035
v -2.454155 -22.000000 1.163480
v -2.474781 -22.000000 1.142495
v -2.487134 -22.000000 1.127826
v -2.491213 -22.000000 1.121209
v -2.486848 -22.000000 1.116131
v -2.473891 -22.000000 1.106070
v -2.452426 -22.000000 1.092738
v -2.422540 -22.000000 1.076840
v -2.384339 -22.000000 1.058819
v -2.337955 -22.000000 1.039004
v -2.283543 -22.000000 1.017663
v -2.221286 -22.000000 0.995031
v -2.151390 -22.000000 0.971328
v -2.074086 -22.000000 0.946768
v -1.989630 -22.000000 0.921566
v -1.898301 -22.000000 0.895943
v -1.800400 -22.000000 0.870132
v -1.696250 -22.000000 0.844374
v -1.586196 -22.000000 0.818925
v -1.470600 -22.000000 0.794048
v -1.349845 -22.000000 0.770019
v -1.224329 -22.000000 0.747118
v -1.094467 -22.000000 0.725630
v -0.960687 -22.000000 0.705836
v -0.823432 -22.000000 0.688013
v -0.683153 -22.000000 0.672425
v -0.540314 -22.000000 0.659318
v -0.395384 -22.000000 0.648917
v -0.248840 -22.000000 0.641414
v -0.101164 -22.000000 0.636971
v 0.047160 -22.000000 0.635709
v 0.195647 -22.000000 0.637706
v 0.343812 -22.000000 0.642994
v 0.491170 -22.000000 0.651560
v 0.637242 -22.000000 0.663339
v 0.781554 -22.000000 0.678223
v 0.923638 -22.000000 0.696055
v 1.063032 -22.000000 0.716639
v 1.199287 -22.000000 0.739739
v 1.331964 -22.000000 0.765088
v 1.460633 -22.000000 0.792390
v 1.584882 -22.000000 0.821330
v 1.704311 -22.000000 0.851580
v 1.818536 -22.000000 0.882801
v 1.927190 -22.000000 0.914655
v 2.029924 -22.000000 0.946804
v 2.126410 -22.000000 0.978918
v 2.216337 -22.000000 1.010678
v 2.299417 -22.000000 1.041775
v 2.375383 -22.000000 1.071914
v 2.443994 -22.000000 1.100808
v 2.505029 -22.000000 1.128179
v 2.558294 -22.000000 1.153749
v 2.603620 -22.000000 1.177231
v 2.640866 -22.000000 1.198312
v 2.669916 -22.000000 1.216629
v 2.690686 -22.000000 1.231708
v 2.703125 -22.000000 1.242825
v 2.707234 -22.000000 1.248257
v 4.692053 -36.250000 1.993987
v 4.689997 -36.250000 1.995825
v 4.683919 -36.250000 1.999750
v 4.673865 -36.250000 2.005231
v 4.659878 -36.250000 2.012048
v 4.642012 -36.250000 2.020054
v 4.620329 -36.250000 2.029136
v 4.594903 -36.250000 2.039195
v 4.565820 -36.250000 2.050134
v 4.533179 -36.250000 2.061855
v 4.497090 -36.250000 2.074255
v 4.457673 -36.250000 2.087217
v 4.415063 -36.250000 2.100616
v 4.369403 -36.250000 2.114312
v 4.320848 -36.250000 2.128150
v 4.269563 -36.250000 2.141963
v 4.215721 -36.250000 2.155569
v 4.159508 -36.250000 2.168777
v 4.101113 -36.250000 2.181386
v 4.040736 -36.250000 2.193191
v 3.978583 -36.250000 2.203986
v 3.914865 -36.250000 2.213571
v 3.849799 -36.250000 2.221751
v 3.783605 -36.250000 2.228350
v 3.716505 -36.250000 2.233209
v 3.648725 -36.250000 2.236193
v 3.580491 -36.250000 2.237199
v 3.512029 -36.250000 2.236153
v 3.443565 -36.250000 2.233017
v 3.375322 -36.250000 2.227792
v 3.307523 -36.250000 2.220513
v 3.240384 -36.250000 2.211254
v 3.174123 -36.250000 2.200124
v 3.108948 -36.250000 2.187260
v 3.045067 -36.250000 2.172832
v 2.982680 -36.250000 2.157029
v 2.921982 -36.250000 2.140060
v 2.863163 -36.250000 2.122148
v 2.806405 -36.250000 2.103522
v 2.751884 -36.250000 2.084414
v 2.699771 -36.250000 2.065053
v 2.650226 -36.250000 2.045662
v 2.603402 -36.250000 2.026455
v 2.559447 -36.250000 2.007633
v 2.518495 -36.250000 1.989381
v 2.480676 -36.250000 1.971872
v 2.446107 -36.250000 1.955261
v 2.414896 -36.250000 1.939693
v 2.387141 -36.250000 1.925296
v 2.362929 -36.250000 1.912194
v 2.342334 -36.250000 1.900501
v 2.325420 -36.250000 1.890335
v 2.312238 -36.250000 1.881823
v 2.302822 -36.250000 1.875123
v 2.297193 -36.250000 1.870464
v 2.295343 -36.250000 1.868380
v 2.297381 -36.250000 1.866870
v 2.303409 -36.250000 1.863928
v 2.313377 -36.250000 1.860080
v 2.327244 -36.250000 1.855542
v 2.344957 -36.250000 1.850451
v 2.366455 -36.250000 1.844906
v 2.391664 -36.250000 1.838989
v 2.420500 -36.250000 1.832771
v 2.452864 -36.250000 1.826318
v 2.488651 -36.250000 1.819697
v 2.527740 -36.250000 1.812972
v 2.570003 -36.250000 1.806211
v 2.615297 -36.250000 1.799485
v 2.663474 -36.250000 1.792869
v 2.714372 -36.250000 1.786441
v 2.767823 -36.250000 1.780283
v 2.823649 -36.250000 1.774480
v 2.881664 -36.250000 1.769119
v 2.941675 -36.250000 1.764287
v 3.003483 -36.250000 1.760071
v 3.066883 -36.250000 1.756554
v 3.131664 -36.250000 1.753816
v 3.197611 -36.250000 1.751932
v 3.264507 -36.250000 1.750966
v 3.332130 -36.250000 1.750973
v 3.400258 -36.250000 1.751998
v 3.468666 -36.250000 1.754070
v 3.537130 -36.250000 1.757206
v 3.605427 -36.250000 1.761405
v 3.673333 -36.250000 1.766654
v 3.740628 -36.250000 1.772920
v 3.807093 -36.250000 1.780159
v 3.872515 -36.250000 1.788307
v 3.936682 -36.250000 1.797293
v 3.999387 -36.250000 1.807028
v 4.060429 -36.250000 1.817418
v 4.119614 -36.250000 1.828357
v 4.176752 -36.250000 1.839735
v 4.231660 -36.250000 1.851438
v 4.284164 -36.250000 1.863351
v 4.334097 -36.250000 1.875356
v 4.381298 -36.250000 1.887341
v 4.425619 -36.250000 1.899194
v 4.466919 -36.250000 1.910807
v 4.505065 -36.250000 1.922080
v 4.539937 -36.250000 1.932912
v 4.571424 -36.250000 1.943212
v 4.599426 -36.250000 1.952887
v 4.623855 -36.250000 1.961849
v 4.644635 -36.250000 1.970005
v 4.661702 -36.250000 1.977256
v 4.675004 -36.250000 1.983488
v 4.684505 -36.250000 1.988554
v 4.690186 -36.250000 1.992231
v 4.692053 -36.250000 1.993987
v 3.502925 36.250000 1.961682
v 3.502925 -36.250000 1.961682
v -10.000000 0.000000 -17.000000
v 20.000000 0.000000 -17.000000
v -8.333333 1.374369 -17.000000
v -8.333333 1.339910 -16.694174
v -8.333333 1.238263 -16.403684
v -8.333333 1.074525 -16.143095
v -8.333333 0.856905 -15.925475
v -8.333333 0.596316 -15.761737
v -8.333333 0.305826 -15.660090
v -8.333333 0.000000 -15.625631
v -8.333333 -0.305826 -15.660090
v -8.333333 -0.596316 -15.761737
v -8.333333 -0.856905 -15.925475
v -8.333333 -1.074525 -16.143095
v -8.333333 -1.238263 -16.403684
v -8.333333 -1.339910 -16.694174
v -8.333333 -1.374369 -17.000000
v -8.333333 -1.339910 -17.305826
v -8.333333 -1.238263 -17.596316
v -8.333333 -1.074525 -17.856905
v -8.333333 -0.856905 -18.074525
v -8.333333 -0.596316 -18.238263
v -8.333333 -0.305826 -18.339910
v -8.333333 -0.000000 -18.374369
v -8.333333 0.305826 -18.339910
v -8.333333 0.596316 -18.238263
v -8.333333 0.856905 -18.074525
v -8.333333 1.074525 -17.856905
v -8.333333 1.238263 -17.596316
v -8.333333 1.339910 -17.305826
v -6.666667 1.885618 -17.000000
v -6.666667 1.838342 -16.580411
v -6.666667 1.698883 -16.181861
v -6.666667 1.474236 -15.824336
v -6.666667 1.175664 -15.525764
v -6.666667 0.818139 -15.301117
v -6.666667 0.419589 -15.161658
v -6.666667 0.000000 -15.114382
v -6.666667 -0.419589 -15.161658
v -6.666667 -0.818139 -15.301117
v -6.666667 -1.175664 -15.525764
v -6.666667 -1.474236 -15.824336
v -6.666667 -1.698883 -16.181861
v -6.666667 -1.838342 -16.580411
v -6.666667 -1.885618 -17.000000
v -6.666667 -1.838342 -17.419589
v -6.666667 -1.698883 -17.818139
v -6.666667 -1.474236 -18.175664
v -6.666667 -1.175664 -18.474236
v -6.666667 -0.818139 -18.698883
v -6.666667 -0.419589 -18.838342
v -6.666667 -0.000000 -18.885618
v -6.666667 0.419589 -18.838342
v -6.666667 0.818139 -18.698883
v -6.666667 1.175664 -18.474236
v -6.666667 1.474236 -18.175664
v -6.666667 1.698883 -17.818139
v -6.666667 1.838342 -17.419589
v -5.000000 2.236068 -17.000000
v -5.000000 2.180005 -16.502428
v -5.000000 2.014628 -16.029806
v -5.000000 1.748228 -15.605834
v -5.000000 1.394166 -15.251772
v -5.000000 0.970194 -14.985372
v -5.000000 0.497572 -14.819995
v -5.000000 0.000000 -14.763932
v -5.000000 -0.497572 -14.819995
v -5.000000 -0.970194 -14.985372
v -5.000000 -1.394166 -15.251772
v -5.000000 -1.748228 -15.605834
v -5.000000 -2.014628 -16.029806
v -5.000000 -2.180005 -16.502428
v -5.000000 -2.236068 -17.000000
v -5.000000 -2.180005 -17.497572
v -5.000000 -2.014628 -17.970194
v -5.000000 -1.748228 -18.394166
v -5.000000 -1.394166 -18.748228
v -5.000000 -0.970194 -19.014628
v -5.000000 -0.497572 -19.180005
v -5.000000 -0.000000 -19.236068
v -5.000000 0.497572 -19.180005
v -5.000000 0.970194 -19.014628
v -5.000000 1.394166 -18.748228
v -5.000000 1.748228 -18.394166
v -5.000000 2.014628 -17.970194
v -5.000000 2.180005 -17.497572
v -3.333333 2.494438 -17.000000
v -3.333333 2.431897 -16.444935
v -3.333333 2.247411 -15.917704
v -3.333333 1.950230 -15.444743
v -3.333333 1.555257 -15.049770
v -3.333333 1.082296 -14.752589
v -3.333333 0.555065 -14.568103
v -3.333333 0.000000 -14.505562
v -3.333333 -0.555065 -14.568103
v -3.333333 -1.082296 -14.752589
v -3.333333 -1.555257 -15.049770
v -3.333333 -1.950230 -15.444743
v -3.333333 -2.247411 -15.917704
v -3.333333 -2.431897 -16.444935
v -3.333333 -2.494438 -17.000000
v -3.333333 -2.431897 -17.555065
v -3.333333 -2.247411 -18.082296
v -3.333333 -1.950230 -18.555257
v -3.333333 -1.555257 -18.950230
v -3.333333 -1.082296 -19.247411
v -3.333333 -0.555065 -19.431897
v -3.333333 -0.000000 -19.494438
v -3.333333 0.555065 -19.431897
v -3.333333 1.082296 -19.247411
v -3.333333 1.555257 -18.950230
v -3.333333 1.950230 -18.555257
v -3.333333 2.247411 -18.082296
v -3.333333 2.431897 -17.555065
v -1.666667 2.687419 -17.000000
v -1.666667 2.620040 -16.401993
v -1.666667 2.421281 -15.833972
v -1.666667 2.101109 -15.324422
v -1.666667 1.675578 -14.898891
v -1.666667 1.166028 -14.578719
v -1.666667 0.598007 -14.379960
v -1.666667 0.000000 -14.312581
v -1.666667 -0.598007 -14.379960
v -1.666667 -1.166028 -14.578719
v -1.666667 -1.675578 -14.898891
v -1.666667 -2.101109 -15.324422
v -1.666667 -2.421281 -15.833972
v -1.666667 -2.620040 -16.401993
v -1.666667 -2.687419 -17.000000
v -1.666667 -2.620040 -17.598007
v -1.666667 -2.421281 -18.166028
v -1.666667 -2.101109 -18.675578
v -1.666667 -1.675578 -19.101109
v -1.666667 -1.166028 -19.421281
v -1.666667 -0.598007 -19.620040
v -1.666667 -0.000000 -19.687419
v -1.666667 0.598007 -19.620040
v -1.666667 1.166028 -19.421281
v -1.666667 1.675578 -19.101109
v -1.666667 2.101109 -18.675578
v -1.666667 2.421281 -18.166028
v -1.666667 2.620040 -17.598007
v -0.000000 2.828427 -17.000000
v -0.000000 2.757513 -16.370616
v -0.000000 2.548325 -15.772791
v -0.000000 2.211353 -15.236505
v -0.000000 1.763495 -14.788647
v -0.000000 1.227209 -14.451675
v -0.000000 0.629384 -14.242487
v -0.000000 0.000000 -14.171573
v -0.000000 -0.629384 -14.242487
v -0.000000 -1.227209 -14.451675
v -0.000000 -1.763495 -14.788647
v -0.000000 -2.211353 -15.236505
v -0.000000 -2.548325 -15.772791
v -0.000000 -2.757513 -16.370616
v -0.000000 -2.828427 -17.000000
v -0.000000 -2.757513 -17.629384
v -0.000000 -2.548325 -18.227209
v -0.000000 -2.211353 -18.763495
v -0.000000 -1.763495 -19.211353
v -0.000000 -1.227209 -19.548325
v -0.000000 -0.629384 -19.757513
v -0.000000 -0.000000 -19.828427
v -0.000000 0.629384 -19.757513
v -0.000000 1.227209 -19.548325
v -0.000000 1.763495 -19.211353
v -0.000000 2.211353 -18.763495
v -0.000000 2.548325 -18.227209
v -0.000000 2.757513 -17.629384
v 1.666667 2.924988 -17.000000
v 1.666667 2.851653 -16.349129
v 1.666667 2.635323 -15.730895
v 1.666667 2.286848 -15.176300
v 1.666667 1.823700 -14.713152
v 1.666667 1.269105 -14.364677
v 1.666667 0.650871 -14.148347
v 1.666667 0.000000 -14.075012
v 1.666667 -0.650871 -14.148347
v 1.666667 -1.269105 -14.364677
v 1.666667 -1.823700 -14.713152
v 1.666667 -2.286848 -15.176300
v 1.666667 -2.635323 -15.730895
v 1.666667 -2.851653 -16.349129
v 1.666667 -2.924988 -17.000000
v 1.666667 -2.851653 -17.650871
v 1.666667 -2.635323 -18.269105
v 1.666667 -2.286848 -18.823700
v 1.666667 -1.823700 -19.286848
v 1.666667 -1.269105 -19.635323
v 1.666667 -0.650871 -19.851653
v 1.666667 -0.000000 -19.924988
v 1.666667 0.650871 -19.851653
v 1.666667 1.269105 -19.635323
v 1.666667 1.823700 -19.286848
v 1.666667 2.286848 -18.823700
v 1.666667 2.635323 -18.269105
v 1.666667 2.851653 -17.650871
v 3.333333 2.981424 -17.000000
v 3.333333 2.906673 -16.336571
v 3.333333 2.686170 -15.706409
v 3.333333 2.330971 -15.141113
v 3.333333 1.858887 -14.669029
v 3.333333 1.293591 -14.313830
v 3.333333 0.663429 -14.093327
v 3.333333 0.000000 -14.018576
v 3.333333 -0.663429 -14.093327
v 3.333333 -1.293591 -14.313830
v 3.333333 -1.858887 -14.669029
v 3.333333 -2.330971 -15.141113
v 3.333333 -2.686170 -15.706409
v 3.333333 -2.906673 -16.336571
v 3.333333 -2.981424 -17.000000
v 3.333333 -2.906673 -17.663429
v 3.333333 -2.686170 -18.293591
v 3.333333 -2.330971 -18.858887
v 3.333333 -1.858887 -19.330971
v 3.333333 -1.293591 -19.686170
v 3.333333 -0.663429 -19.906673
v 3.333333 -0.000000 -19.981424
v 3.333333 0.663429 -19.906673
v 3.333333 1.293591 -19.686170
v 3.333333 1.858887 -19.330971
v 3.333333 2.330971 -18.858887
v 3.333333 2.686170 -18.293591
v 3.333333 2.906673 -17.663429
v 5.000000 3.000000 -17.000000
v 5.000000 2.924784 -16.332437
v 5.000000 2.702907 -15.698349
v 5.000000 2.345494 -15.129531
v 5.000000 1.870469 -14.654506
v 5.000000 1.301651 -14.297093
v 5.000000 0.667563 -14.075216
v 5.000000 0.000000 -14.000000
v 5.000000 -0.667563 -14.075216
v 5.000000 -1.301651 -14.297093
v 5.000000 -1.870469 -14.654506
v 5.000000 -2.345494 -15.129531
v 5.000000 -2.702907 -15.698349
v 5.000000 -2.924784 -16.332437
v 5.000000 -3.000000 -17.000000
v 5.000000 -2.924784 -17.667563
v 5.000000 -2.702907 -18.301651
v 5.000000 -2.345494 -18.870469
v 5.000000 -1.870469 -19.345494
v 5.000000 -1.301651 -19.702907
v 5.000000 -0.667563 -19.924784
v 5.000000 -0.000000 -20.000000
v 5.000000 0.667563 -19.924784
v 5.000000 1.301651 -19.702907
v 5.000000 1.870469 -19.345494
v 5.000000 2.345494 -18.870469
v 5.000000 2.702907 -18.301651
v 5.000000 2.924784 -17.667563
v 6.666667 2.981424 -17.000000
v 6.666667 2.906673 -16.336571
v 6.666667 2.686170 -15.706409
v 6.666667 2.330971 -15.141113
v 6.666667 1.858887 -14.669029
v 6.666667 1.293591 -14.313830
v 6.666667 0.663429 -14.093327
v 6.666667 0.000000 -14.018576
v 6.666667 -0.663429 -14.093327
v 6.666667 -1.293591 -14.313830
v 6.666667 -1.858887 -14.669029
v 6.666667 -2.330971 -15.141113
v 6.666667 -2.686170 -15.706409
v 6.666667 -2.906673 -16.336571
v 6.666667 -2.981424 -17.000000
v 6.666667 -2.906673 -17.663429
v 6.666667 -2.686170 -18.293591
v 6.666667 -2.330971 -18.858887
v 6.666667 -1.858887 -19.330971
v 6.666667 -1.293591 -19.686170
v 6.666667 -0.663429 -19.906673
v 6.666667 -0.000000 -19.981424
v 6.666667 0.663429 -19.906673
v 6.666667 1.293591 -19.686170
v 6.666667 1.858887 -19.330971
v 6.666667 2.330971 -18.858887
v 6.666667 2.686170 -18.293591
v 6.666667 2.906673 -17.663429
v 8.333333 2.924988 -17.000000
v 8.333333 2.851653 -16.349129
v 8.333333 2.635323 -15.730895
v 8.333333 2.286848 -15.176300
v 8.333333 1.823700 -14.713152
v 8.333333 1.269105 -14.364677
v 8.333333 0.650871 -14.148347
v 8.333333 0.000000 -14.075012
v 8.333333 -0.650871 -14.148347
v 8.333333 -1.269105 -14.364677
v 8.333333 -1.823700 -14.713152
v 8.333333 -2.286848 -15.176300
v 8.333333 -2.635323 -15.730895
v 8.333333 -2.851653 -16.349129
v 8.333333 -2.924988 -17.000000
v 8.333333 -2.851653 -17.650871
v 8.333333 -2.635323 -18.269105
v 8.333333 -2.286848 -18.823700
v 8.333333 -1.823700 -19.286848
v 8.333333 -1.269105 -19.635323
v 8.333333 -0.650871 -19.851653
v 8.333333 -0.000000 -19.924988
v 8.333333 0.650871 -19.851653
v 8.333333 1.269105 -19.635323
v 8.333333 1.823700 -19.286848
v 8.333333 2.286848 -18.823700
v 8.333333 2.635323 -18.269105
v 8.333333 2.851653 -17.650871
v 10.000000 2.828427 -17.000000
v 10.000000 2.757513 -16.370616
v 10.000000 2.548325 -15.772791
v 10.000000 2.211353 -15.236505
v 10.000000 1.763495 -14.788647
v 10.000000 1.227209 -14.451675
v 10.000000 0.629384 -14.242487
v 10.000000 0.000000 -14.171573
v 10.000000 -0.629384 -14.242487
v 10.000000 -1.227209 -14.451675
v 10.000000 -1.763495 -14.788647
v 10.000000 -2.211353 -15.236505
v 10.000000 -2.548325 -15.772791
v 10.000000 -2.757513 -16.370616
v 10.000000 -2.828427 -17.000000
v 10.000000 -2.757513 -17.629384
v 10.000000 -2.548325 -18.227209
v 10.000000 -2.211353 -18.763495
v 10.000000 -1.763495 -19.211353
v 10.000000 -1.227209 -19.548325
v 10.000000 -0.629384 -19.757513
v 10.000000 -0.000000 -19.828427
v 10.000000 0.629384 -19.757513
v 10.000000 1.227209 -19.548325
v 10.000000 1.763495 -19.211353
v 10.000000 2.211353 -18.763495
v 10.000000 2.548325 -18.227209
v 10.000000 2.757513 -17.629384
v 11.666667 2.687419 -17.000000
v 11.666667 2.620040 -16.401993
v 11.666667 2.421281 -15.833972
v 11.666667 2.101109 -15.324422
v 11.666667 1.675578 -14.898891
v 11.666667 1.166028 -14.578719
v 11.666667 0.598007 -14.379960
v 11.666667 0.000000 -14.312581
v 11.666667 -0.598007 -14.379960
v 11.666667 -1.166028 -14.578719
v 11.666667 -1.675578 -14.898891
v 11.666667 -2.101109 -15.324422
v 11.666667 -2.421281 -15.833972
v 11.666667 -2.620040 -16.401993
v 11.666667 -2.687419 -17.000000
v 11.666667 -2.620040 -17.598007
v 11.666667 -2.421281 -18.166028
v 11.666667 -2.101109 -18.675578
v 11.666667 -1.675578 -19.101109
v 11.666667 -1.166028 -19.421281
v 11.666667 -0.598007 -19.620040
v 11.666667 -0.000000 -19.687419
v 11.666667 0.598007 -19.620040
v 11.666667 1.166028 -19.421281
v 11.666667 1.675578 -19.101109
v 11.666667 2.101109 -18.675578
v 11.666667 2.421281 -18.166028
v 11.666667 2.620040 -17.598007
v 13.333333 2.494438 -17.000000
v 13.333333 2.431897 -16.444935
v 13.333333 2.247411 -15.917704
v 13.333333 1.950230 -15.444743
v 13.333333 1.555257 -15.049770
v 13.333333 1.082296 -14.752589
v 13.333333 0.555065 -14.568103
v 13.333333 0.000000 -14.505562
v 13.333333 -0.555065 -14.568103
v 13.333333 -1.082296 -14.752589
v 13.333333 -1.555257 -15.049770
v 13.333333 -1.950230 -15.444743
v 13.333333 -2.247411 -15.917704
v 13.333333 -2.431897 -16.444935
v 13.333333 -2.494438 -17.000000
v 13.333333 -2.431897 -17.555065
v 13.333333 -2.247411 -18.082296
v 13.333333 -1.950230 -18.555257
v 13.333333 -1.555257 -18.950230
v 13.333333 -1.082296 -19.247411
v 13.333333 -0.555065 -19.431897
v 13.333333 -0.000000 -19.494438
v 13.333333 0.555065 -19.431897
v 13.333333 1.082296 -19.247411
v 13.333333 1.555257 -18.950230
v 13.333333 1.950230 -18.555257
v 13.333333 2.247411 -18.082296
v 13.333333 2.431897 -17.555065
v 15.000000 2.236068 -17.000000
v 15.000000 2.180005 -16.502428
v 15.000000 2.014628 -16.029806
v 15.000000 1.748228 -15.605834
v 15.000000 1.394166 -15.251772
v 15.000000 0.970194 -14.985372
v 15.000000 0.497572 -14.819995
v 15.000000 0.000000 -14.763932
v 15.000000 -0.497572 -14.819995
v 15.000000 -0.970194 -14.985372
v 15.000000 -1.394166 -15.251772
v 15.000000 -1.748228 -15.605834
v 15.000000 -2.014628 -16.029806
v 15.000000 -2.180005 -16.502428
v 15.000000 -2.236068 -17.000000
v 15.000000 -2.180005 -17.497572
v 15.000000 -2.014628 -17.970194
v 15.000000 -1.748228 -18.394166
v 15.000000 -1.394166 -18.748228
v 15.000000 -0.970194 -19.014628
v 15.000000 -0.497572 -19.180005
v 15.000000 -0.000000 -19.236068
v 15.000000 0.497572 -19.180005
v 15.000000 0.970194 -19.014628
v 15.000000 1.394166 -18.748228
v 15.000000 1.748228 -18.394166
v 15.000000 2.014628 -17.970194
v 15.000000 2.180005 -17.497572
v 16.666667 1.885618 -17.000000
v 16.666667 1.838342 -16.580411
v 16.666667 1.698883 -16.181861
v 16.666667 1.474236 -15.824336
v 16.666667 1.175664 -15.525764
v 16.666667 0.818139 -15.301117
v 16.666667 0.419589 -15.161658
v 16.666667 0.000000 -15.114382
v 16.666667 -0.419589 -15.161658
v 16.666667 -0.818139 -15.301117
v 16.666667 -1.175664 -15.525764
v 16.666667 -1.474236 -15.824336
v 16.666667 -1.698883 -16.181861
v 16.666667 -1.838342 -16.580411
v 16.666667 -1.885618 -17.000000
v 16.666667 -1.838342 -17.419589
v 16.666667 -1.698883 -17.818139
v 16.666667 -1.474236 -18.175664
v 16.666667 -1.175664 -18.474236
v 16.666667 -0.818139 -18.698883
v 16.666667 -0.419589 -18.838342
v 16.666667 -0.000000 -18.885618
v 16.666667 0.419589 -18.838342
v 16.666667 0.818139 -18.698883
v 16.666667 1.175664 -18.474236
v 16.666667 1.474236 -18.175664
v 16.666667 1.698883 -17.818139
v 16.666667 1.838342 -17.419589
v 18.333333 1.374369 -17.000000
v 18.333333 1.339910 -16.694174
v 18.333333 1.238263 -16.403684
v 18.333333 1.074525 -16.143095
v 18.333333 0.856905 -15.925475
v 18.333333 0.596316 -15.761737
v 18.333333 0.305826 -15.660090
v 18.333333 0.000000 -15.625631
v 18.333333 -0.305826 -15.660090
v 18.333333 -0.596316 -15.761737
v 18.333333 -0.856905 -15.925475
v 18.333333 -1.074525 -16.143095
v 18.333333 -1.238263 -16.403684
v 18.333333 -1.339910 -16.694174
v 18.333333 -1.374369 -17.000000
v 18.333333 -1.339910 -17.305826
v 18.333333 -1.238263 -17.596316
v 18.333333 -1.074525 -17.856905
v 18.333333 -0.856905 -18.074525
v 18.333333 -0.596316 -18.238263
v 18.333333 -0.305826 -18.339910
v 18.333333 -0.000000 -18.374369
v 18.333333 0.305826 -18.339910
v 18.333333 0.596316 -18.238263
v 18.333333 0.856905 -18.074525
v 18.333333 1.074525 -17.856905
v 18.333333 1.238263 -17.596316
v 18.333333 1.339910 -17.305826
f 1 4 3
f 1 5 4
f 1 6 5
f 1 7 6
f 1 8 7
f 1 9 8
f 1 10 9
f 1 11 10
f 1 12 11
f 1 13 12
f 1 14 13
f 1 15 14
f 1 16 15
f 1 17 16
f 1 18 17
f 1 19 18
f 1 20 19
f 1 21 20
f 1 22 21
f 1 23 22
f 1 24 23
f 1 25 24
f 1 26 25
f 1 27 26
f 1 28 27
f 1 29 28
f 1 30 29
f 1 31 30
f 1 32 31
f 1 33 32
f 1 34 33
f 1 35 34
f 1 36 35
f 1 37 36
f 1 38 37
f 1 39 38
f 1 40 39
f 1 41 40
f 1 42 41
f 1 43 42
f 1 44 43
f 1 45 44
f 1 46 45
f 1 47 46
f 1 48 47
f 1 49 48
f 1 50 49
f 1 51 50
f 1 52 51
f 1 53 52
f 1 54 53
f 1 55 54
f 1 56 55
f 1 57 56
f 1 58 57
f 1 3 58
f 3 4 60
f 3 60 59
f 4 5 61
f 4 61 60
f 5 6 62
f 5 62 61
f 6 7 63
f 6 63 62
f 7 8 64
f 7 64 63
f 8 9 65
f 8 65 64
f 9 10 66
f 9 66 65
f 10 11 67
f 10 67 66
f 11 12 68
f 11 68 67
f 12 13 69
f 12 69 68
f 13 14 70
f 13 70 69
f 14 15 71
f 14 71 70
f 15 16 72
f 15 72 71
f 16 17 73
f 16 73 72
f 17 18 74
f 17 74 73
f 18 19 75
f 18 75 74
f 19 20 76
f 19 76 75
f 20 21 77
f 20 77 76
f 21 22 78
f 21 78 77
f 22 23 79
f 22 79 78
f 23 24 80
f 23 80 79
f 24 25 81
f 24 81 80
f 25 26 82
f 25 82 81
f 26 27 83
f 26 83 82
f 27 28 84
f 27 84 83
f 28 29 85
f 28 85 84
f 29 30 86
f 29 86 85
f 30 31 87
f 30 87 86
f 31 32 88
f 31 88 87
f 32 33 89
f 32 89 88
f 33 34 90
f 33 90 89
f 34 35 91
f 34 91 90
f 35 36 92
f 35 92 91
f 36 37 93
f 36 93 92
f 37 38 94
f 37 94 93
f 38 39 95
f 38 95 94
f 39 40 96
f 39 96 95
f 40 41 97
f 40 97 96
f 41 42 98
f 41 98 97
f 42 43 99
f 42 99 98
f 43 44 100
f 43 100 99
f 44 45 101
f 44 101 100
f 45 46 102
f 45 102 101
f 46 47 103
f 46 103 102
f 47 48 104
f 47 104 103
f 48 49 105
f 48 105 104
f 49 50 106
f 49 106 105
f 50 51 107
f 50 107 106
f 51 52 108
f 51 108 107
f 52 53 109
f 52 109 108
f 53 54 110
f 53 110 109
f 54 55 111
f 54 111 110
f 55 56 112
f 55 112 111
f 56 57 113
f 56 113 112
f 57 58 114
f 57 114 113
f 58 3 59
f 58 59 114
f 59 60 116
f 59 116 115
f 60 61 117
f 60 117 116
f 61 62 118
f 61 118 117
f 62 63 119
f 62 119 118
f 63 64 120
f 63 120 119
f 64 65 121
f 64 121 120
f 65 66 122
f 65 122 121
f 66 67 123
f 66 123 122
f 67 68 124
f 67 124 123
f 68 69 125
f 68 125 124
f 69 70 126
f 69 126 125
f 70 71 127
f 70 127 126
f 71 72 128
f 71 128 127
f 72 73 129
f 72 129 128
f 73 74 130
f 73 130 129
f 74 75 131
f 74 131 130
f 75 76 132
f 75 132 131
f 76 77 133
f 76 133 132
f 77 78 134
f 77 134 133
f 78 79 135
f 78 135 134
f 79 80 136
f 79 136 135
f 80 81 137
f 80 137 136
f 81 82 138
f 81 138 137
f 82 83 139
f 82 139 138
f 83 84 140
f 83 140 139
f 84 85 141
f 84 141 140
f 85 86 142
f 85 142 141
f 86 87 143
f 86 143 142
f 87 88 144
f 87 144 143
f 88 89 145
f 88 145 144
f 89 90 146
f 89 146 145
f 90 91 147
f 90 147 146
f 91 92 148
f 91 148 147
f 92 93 149
f 92 149 148
f 93 94 150
f 93 150 149
f 94 95 151
f 94 151 150
f 95 96 152
f 95 152 151
f 96 97 153
f 96 153 152
f 97 98 154
f 97 154 153
f 98 99 155
f 98 155 154
f 99 100 156
f 99 156 155
f 100 101 157
f 100 157 156
f 101 102 158
f 101 158 157
f 102 103 159
f 102 159 158
f 103 104 160
f 103 160 159
f 104 105 161
f 104 161 160
f 105 106 162
f 105 162 161
f 106 107 163
f 106 163 162
f 107 108 164
f 107 164 163
f 108 109 165
f 108 165 164
f 109 110 166
f 109 166 165
f 110 111 167
f 110 167 166
f 111 112 168
f 111 168 167
f 112 113 169
f 112 169 168
f 113 114 170
f 113 170 169
f 114 59 115
f 114 115 170
f 115 116 172
f 115 172 171
f 116 117 173
f 116 173 172
f 117 118 174
f 117 174 173
f 118 119 175
f 118 175 174
f 119 120 176
f 119 176 175
f 120 121 177
f 120 177 176
f 121 122 178
f 121 178 177
f 122 123 179
f 122 179 178
f 123 124 180
f 123 180 179
f 124 125 181
f 124 181 180
f 125 126 182
f 125 182 181
f 126 127 183
f 126 183 182
f 127 128 184
f 127 184 183
f 128 129 185
f 128 185 184
f 129 130 186
f 129 186 185
f 130 131 187
f 130 187 186
f 131 132 188
f 131 188 187
f 132 133 189
f 132 189 188
f 133 134 190
f 133 190 189
f 134 135 191
f 134 191 190
f 135 136 192
f 135 192 191
f 136 137 193
f 136 193 192
f 137 138 194
f 137 194 193
f 138 139 195
f 138 195 194
f 139 140 196
f 139 196 195
f 140 141 197
f 140 197 196
f 141 142 198
f 141 198 197
f 142 143 199
f 142 199 198
f 143 144 200
f 143 200 199
f 144 145 201
f 144 201 200
f 145 146 202
f 145 202 201
f 146 147 203
f 146 203 202
f 147 148 204
f 147 204 203
f 148 149 205
f 148 205 204
f 149 150 206
f 149 206 205
f 150 151 207
f 150 207 206
f 151 152 208
f 151 208 207
f 152 153 209
f 152 209 208
f 153 154 210
f 153 210 209
f 154 155 211
f 154 211 210
f 155 156 212
f 155 212 211
f 156 157 213
f 156 213 212
f 157 158 214
f 157 214 213
f 158 159 215
f 158 215 214
f 159 160 216
f 159 216 215
f 160 161 217
f 160 217 216
f 161 162 218
f 161 218 217
f 162 163 219
f 162 219 218
f 163 164 220
f 163 220 219
f 164 165 221
f 164 221 220
f 165 166 222
f 165 222 221
f 166 167 223
f 166 223 222
f 167 168 224
f 167 224 223
f 168 169 225
f 168 225 224
f 169 170 226
f 169 226 225
f 170 115 171
f 170 171 226
f 171 172 228
f 171 228 227
f 172 173 229
f 172 229 228
f 173 174 230
f 173 230 229
f 174 175 231
f 174 231 230
f 175 176 232
f 175 232 231
f 176 177 233
f 176 233 232
f 177 178 234
f 177 234 233
f 178 179 235
f 178 235 234
f 179 180 236
f 179 236 235
f 180 181 237
f 180 237 236
f 181 182 238
f 181 238 237
f 182 183 239
f 182 239 238
f 183 184 240
f 183 240 239
f 184 185 241
f 184 241 240
f 185 186 242
f 185 242 241
f 186 187 243
f 186 243 242
f 187 188 244
f 187 244 243
f 188 189 245
f 188 245 244
f 189 190 246
f 189 246 245
f 190 191 247
f 190 247 246
f 191 192 248
f 191 248 247
f 192 193 249
f 192 249 248
f 193 194 250
f 193 250 249
f 194 195 251
f 194 251 250
f 195 196 252
f 195 252 251
f 196 197 253
f 196 253 252
f 197 198 254
f 197 254 253
f 198 199 255
f 198 255 254
f 199 200 256
f 199 256 255
f 200 201 257
f 200 257 256
f 201 202 258
f 201 258 257
f 202 203 259
f 202 259 258
f 203 204 260
f 203 260 259
f 204 205 261
f 204 261 260
f 205 206 262
f 205 262 261
f 206 207 263
f 206 263 262
f 207 208 264
f 207 264 263
f 208 209 265
f 208 265 264
f 209 210 266
f 209 266 265
f 210 211 267
f 210 267 266
f 211 212 268
f 211 268 267
f 212 213 269
f 212 269 268
f 213 214 270
f 213 270 269
f 214 215 271
f 214 271 270
f 215 216 272
f 215 272 271
f 216 217 273
f 216 273 272
f 217 218 274
f 217 274 273
f 218 219 275
f 218 275 274
f 219 220 276
f 219 276 275
f 220 221 277
f 220 277 276
f 221 222 278
f 221 278 277
f 222 223 279
f 222 279 278
f 223 224 280
f 223 280 279
f 224 225 281
f 224 281 280
f 225 226 282
f 225 282 281
f 226 171 227
f 226 227 282
f 227 228 284
f 227 284 283
f 228 229 285
f 228 285 284
f 229 230 286
f 229 286 285
f 230 231 287
f 230 287 286
f 231 232 288
f 231 288 287
f 232 233 289
f 232 289 288
f 233 234 290
f 233 290 289
f 234 235 291
f 234 291 290
f 235 236 292
f 235 292 291
f 236 237 293
f 236 293 292
f 237 238 294
f 237 294 293
f 238 239 295
f 238 295 294
f 239 240 296
f 239 296 295
f 240 241 297
f 240 297 296
f 241 242 298
f 241 298 297
f 242 243 299
f 242 299 298
f 243 244 300
f 243 300 299
f 244 245 301
f 244 301 300
f 245 246 302
f 245 302 301
f 246 247 303
f 246 303 302
f 247 248 304
f 247 304 303
f 248 249 305
f 248 305 304
f 249 250 306
f 249 306 305
f 250 251 307
f 250 307 306
f 251 252 308
f 251 308 307
f 252 253 309
f 252 309 308
f 253 254 310
f 253 310 309
f 254 255 311
f 254 311 310
f 255 256 312
f 255 312 311
f 256 257 313
f 256 313 312
f 257 258 314
f 257 314 313
f 258 259 315
f 258 315 314
f 259 260 316
f 259 316 315
f 260 261 317
f 260 317 316
f 261 262 318
f 261 318 317
f 262 263 319
f 262 319 318
f 263 264 320
f 263 320 319
f 264 265 321
f 264 321 320
f 265 266 322
f 265 322 321
f 266 267 323
f 266 323 322
f 267 268 324
f 267 324 323
f 268 269 325
f 268 325 324
f 269 270 326
f 269 326 325
f 270 271 327
f 270 327 326
f 271 272 328
f 271 328 327
f 272 273 329
f 272 329 328
f 273 274 330
f 273 330 329
f 274 275 331
f 274 331 330
f 275 276 332
f 275 332 331
f 276 277 333
f 276 333 332
f 277 278 334
f 277 334 333
f 278 279 335
f 278 335 334
f 279 280 336
f 279 336 335
f 280 281 337
f 280 337 336
f 281 282 338
f 281 338 337
f 282 227 283
f 282 283 338
f 283 284 340
f 283 340 339
f 284 285 341
f 284 341 340
f 285 286 342
f 285 342 341
f 286 287 343
f 286 343 342
f 287 288 344
f 287 344 343
f 288 289 345
f 288 345 344
f 289 290 346
f 289 346 345
f 290 291 347
f 290 347 346
f 291 292 348
f 291 348 347
f 292 293 349
f 292 349 348
f 293 294 350
f 293 350 349
f 294 295 351
f 294 351 350
f 295 296 352
f 295 352 351
f 296 297 353
f 296 353 352
f 297 298 354
f 297 354 353
f 298 299 355
f 298 355 354
f 299 300 356
f 299 356 355
f 300 301 357
f 300 357 356
f 301 302 358
f 301 358 357
f 302 303 359
f 302 359 358
f 303 304 360
f 303 360 359
f 304 305 361
f 304 361 360
f 305 306 362
f 305 362 361
f 306 307 363
f 306 363 362
f 307 308 364
f 307 364 363
f 308 309 365
f 308 365 364
f 309 310 366
f 309 366 365
f 310 311 367
f 310 367 366
f 311 312 368
f 311 368 367
f 312 313 369
f 312 369 368
f 313 314 370
f 313 370 369
f 314 315 371
f 314 371 370
f 315 316 372
f 315 372 371
f 316 317 373
f 316 373 372
f 317 318 374
f 317 374 373
f 318 319 375
f 318 375 374
f 319 320 376
f 319 376 375
f 320 321 377
f 320 377 376
f 321 322 378
f 321 378 377
f 322 323 379
f 322 379 378
f 323 324 380
f 323 380 379
f 324 325 381
f 324 381 380
f 325 326 382
f 325 382 381
f 326 327 383
f 326 383 382
f 327 328 384
f 327 384 383
f 328 329 385
f 328 385 384
f 329 330 386
f 329 386 385
f 330 331 387
f 330 387 386
f 331 332 388
f 331 388 387
f 332 333 389
f 332 389 388
f 333 334 390
f 333 390 389
f 334 335 391
f 334 391 390
f 335 336 392
f 335 392 391
f 336 337 393
f 336 393 392
f 337 338 394
f 337 394 393
f 338 283 339
f 338 339 394
f 339 340 396
f 339 396 395
f 340 341 397
f 340 397 396
f 341 342 398
f 341 398 397
f 342 343 399
f 342 399 398
f 343 344 400
f 343 400 399
f 344 345 401
f 344 401 400
f 345 346 402
f 345 402 401
f 346 347 403
f 346 403 402
f 347 348 404
f 347 404 403
f 348 349 405
f 348 405 404
f 349 350 406
f 349 406 405
f 350 351 407
f 350 407 406
f 351 352 408
f 351 408 407
f 352 353 409
f 352 409 408
f 353 354 410
f 353 410 409
f 354 355 411
f 354 411 410
f 355 356 412
f 355 412 411
f 356 357 413
f 356 413 412
f 357 358 414
f 357 414 413
f 358 359 415
f 358 415 414
f 359 360 416
f 359 416 415
f 360 361 417
f 360 417 416
f 361 362 418
f 361 418 417
f 362 363 419
f 362 419 418
f 363 364 420
f 363 420 419
f 364 365 421
f 364 421 420
f 365 366 422
f 365 422 421
f 366 367 423
f 366 423 422
f 367 368 424
f 367 424 423
f 368 369 425
f 368 425 424
f 369 370 426
f 369 426 425
f 370 371 427
f 370 427 426
f 371 372 428
f 371 428 427
f 372 373 429
f 372 429 428
f 373 374 430
f 373 430 429
f 374 375 431
f 374 431 430
f 375 376 432
f 375 432 431
f 376 377 433
f 376 433 432
f 377 378 434
f 377 434 433
f 378 379 435
f 378 435 434
f 379 380 436
f 379 436 435
f 380 381 437
f 380 437 436
f 381 382 438
f 381 438 437
f 382 383 439
f 382 439 438
f 383 384 440
f 383 440 439
f 384 385 441
f 384 441 440
f 385 386 442
f 385 442 441
f 386 387 443
f 386 443 442
f 387 388 444
f 387 444 443
f 388 389 445
f 388 445 444
f 389 390 446
f 389 446 445
f 390 391 447
f 390 447 446
f 391 392 448
f 391 448 447
f 392 393 449
f 392 449 448
f 393 394 450
f 393 450 449
f 394 339 395
f 394 395 450
f 395 396 452
f 395 452 451
f 396 397 453
f 396 453 452
f 397 398 454
f 397 454 453
f 398 399 455
f 398 455 454
f 399 400 456
f 399 456 455
f 400 401 457
f 400 457 456
f 401 402 458
f 401 458 457
f 402 403 459
f 402 459 458
f 403 404 460
f 403 460 459
f 404 405 461
f 404 461 460
f 405 406 462
f 405 462 461
f 406 407 463
f 406 463 462
f 407 408 464
f 407 464 463
f 408 409 465
f 408 465 464
f 409 410 466
f 409 466 465
f 410 411 467
f 410 467 466
f 411 412 468
f 411 468 467
f 412 413 469
f 412 469 468
f 413 414 470
f 413 470 469
f 414 415 471
f 414 471 470
f 415 416 472
f 415 472 471
f 416 417 473
f 416 473 472
f 417 418 474
f 417 474 473
f 418 419 475
f 418 475 474
f 419 420 476
f 419 476 475
f 420 421 477
f 420 477 476
f 421 422 478
f 421 478 477
f 422 423 479
f 422 479 478
f 423 424 480
f 423 480 479
f 424 425 481
f 424 481 480
f 425 426 482
f 425 482 481
f 426 427 483
f 426 483 482
f 427 428 484
f 427 484 483
f 428 429 485
f 428 485 484
f 429 430 486
f 429 486 485
f 430 431 487
f 430 487 486
f 431 432 488
f 431 488 487
f 432 433 489
f 432 489 488
f 433 434 490
f 433 490 489
f 434 435 491
f 434 491 490
f 435 436 492
f 435 492 491
f 436 437 493
f 436 493 492
f 437 438 494
f 437 494 493
f 438 439 495
f 438 495 494
f 439 440 496
f 439 496 495
f 440 441 497
f 440 497 496
f 441 442 498
f 441 498 497
f 442 443 499
f 442 499 498
f 443 444 500
f 443 500 499
f 444 445 501
f 444 501 500
f 445 446 502
f 445 502 501
f 446 447 503
f 446 503 502
f 447 448 504
f 447 504 503
f 448 449 505
f 448 505 504
f 449 450 506
f 449 506 505
f 450 395 451
f 450 451 506
f 451 452 508
f 451 508 507
f 452 453 509
f 452 509 508
f 453 454 510
f 453 510 509
f 454 455 511
f 454 511 510
f 455 456 512
f 455 512 511
f 456 457 513
f 456 513 512
f 457 458 514
f 457 514 513
f 458 459 515
f 458 515 514
f 459 460 516
f 459 516 515
f 460 461 517
f 460 517 516
f 461 462 518
f 461 518 517
f 462 463 519
f 462 519 518
f 463 464 520
f 463 520 519
f 464 465 521
f 464 521 520
f 465 466 522
f 465 522 521
f 466 467 523
f 466 523 522
f 467 468 524
f 467 524 523
f 468 469 525
f 468 525 524
f 469 470 526
f 469 526 525
f 470 471 527
f 470 527 526
f 471 472 528
f 471 528 527
f 472 473 529
f 472 529 528
f 473 474 530
f 473 530 529
f 474 475 531
f 474 531 530
f 475 476 532
f 475 532 531
f 476 477 533
f 476 533 532
f 477 478 534
f 477 534 533
f 478 479 535
f 478 535 534
f 479 480 536
f 479 536 535
f 480 481 537
f 480 537 536
f 481 482 538
f 481 538 537
f 482 483 539
f 482 539 538
f 483 484 540
f 483 540 539
f 484 485 541
f 484 541 540
f 485 486 542
f 485 542 541
f 486 487 543
f 486 543 542
f 487 488 544
f 487 544 543
f 488 489 545
f 488 545 544
f 489 490 546
f 489 546 545
f 490 491 547
f 490 547 546
f 491 492 548
f 491 548 547
f 492 493 549
f 492 549 548
f 493 494 550
f 493 550 549
f 494 495 551
f 494 551 550
f 495 496 552
f 495 552 551
f 496 497 553
f 496 553 552
f 497 498 554
f 497 554 553
f 498 499 555
f 498 555 554
f 499 500 556
f 499 556 555
f 500 501 557
f 500 557 556
f 501 502 558
f 501 558 557
f 502 503 559
f 502 559 558
f 503 504 560
f 503 560 559
f 504 505 561
f 504 561 560
f 505 506 562
f 505 562 561
f 506 451 507
f 506 507 562
f 507 508 564
f 507 564 563
f 508 509 565
f 508 565 564
f 509 510 566
f 509 566 565
f 510 511 567
f 510 567 566
f 511 512 568
f 511 568 567
f 512 513 569
f 512 569 568
f 513 514 570
f 513 570 569
f 514 515 571
f 514 571 570
f 515 516 572
f 515 572 571
f 516 517 573
f 516 573 572
f 517 518 574
f 517 574 573
f 518 519 575
f 518 575 574
f 519 520 576
f 519 576 575
f 520 521 577
f 520 577 576
f 521 522 578
f 521 578 577
f 522 523 579
f 522 579 578
f 523 524 580
f 523 580 579
f 524 525 581
f 524 581 580
f 525 526 582
f 525 582 581
f 526 527 583
f 526 583 582
f 527 528 584
f 527 584 583
f 528 529 585
f 528 585 584
f 529 530 586
f 529 586 585
f 530 531 587
f 530 587 586
f 531 532 588
f 531 588 587
f 532 533 589
f 532 589 588
f 533 534 590
f 533 590 589
f 534 535 591
f 534 591 590
f 535 536 592
f 535 592 591
f 536 537 593
f 536 593 592
f 537 538 594
f 537 594 593
f 538 539 595
f 538 595 594
f 539 540 596
f 539 596 595
f 540 541 597
f 540 597 596
f 541 542 598
f 541 598 597
f 542 543 599
f 542 599 598
f 543 544 600
f 543 600 599
f 544 545 601
f 544 601 600
f 545 546 602
f 545 602 601
f 546 547 603
f 546 603 602
f 547 548 604
f 547 604 603
f 548 549 605
f 548 605 604
f 549 550 606
f 549 606 605
f 550 551 607
f 550 607 606
f 551 552 608
f 551 608 607
f 552 553 609
f 552 609 608
f 553 554 610
f 553 610 609
f 554 555 611
f 554 611 610
f 555 556 612
f 555 612 611
f 556 557 613
f 556 613 612
f 557 558 614
f 557 614 613
f 558 559 615
f 558 615 614
f 559 560 616
f 559 616 615
f 560 561 617
f 560 617 616
f 561 562 618
f 561 618 617
f 562 507 563
f 562 563 618
f 563 564 620
f 563 620 619
f 564 565 621
f 564 621 620
f 565 566 622
f 565 622 621
f 566 567 623
f 566 623 622
f 567 568 624
f 567 624 623
f 568 569 625
f 568 625 624
f 569 570 626
f 569 626 625
f 570 571 627
f 570 627 626
f 571 572 628
f 571 628 627
f 572 573 629
f 572 629 628
f 573 574 630
f 573 630 629
f 574 575 631
f 574 631 630
f 575 576 632
f 575 632 631
f 576 577 633
f 576 633 632
f 577 578 634
f 577 634 633
f 578 579 635
f 578 635 634
f 579 580 636
f 579 636 635
f 580 581 637
f 580 637 636
f 581 582 638
f 581 638 637
f 582 583 639
f 582 639 638
f 583 584 640
f 583 640 639
f 584 585 641
f 584 641 640
f 585 586 642
f 585 642 641
f 586 587 643
f 586 643 642
f 587 588 644
f 587 644 643
f 588 589 645
f 588 645 644
f 589 590 646
f 589 646 645
f 590 591 647
f 590 647 646
f 591 592 648
f 591 648 647
f 592 593 649
f 592 649 648
f 593 594 650
f 593 650 649
f 594 595 651
f 594 651 650
f 595 596 652
f 595 652 651
f 596 597 653
f 596 653 652
f 597 598 654
f 597 654 653
f 598 599 655
f 598 655 654
f 599 600 656
f 599 656 655
f 600 601 657
f 600 657 656
f 601 602 658
f 601 658 657
f 602 603 659
f 602 659 658
f 603 604 660
f 603 660 659
f 604 605 661
f 604 661 660
f 605 606 662
f 605 662 661
f 606 607 663
f 606 663 662
f 607 608 664
f 607 664 663
f 608 609 665
f 608 665 664
f 609 610 666
f 609 666 665
f 610 611 667
f 610 667 666
f 611 612 668
f 611 668 667
f 612 613 669
f 612 669 668
f 613 614 670
f 613 670 669
f 614 615 671
f 614 671 670
f 615 616 672
f 615 672 671
f 616 617 673
f 616 673 672
f 617 618 674
f 617 674 673
f 618 563 619
f 618 619 674
f 619 620 676
f 619 676 675
f 620 621 677
f 620 677 676
f 621 622 678
f 621 678 677
f 622 623 679
f 622 679 678
f 623 624 680
f 623 680 679
f 624 625 681
f 624 681 680
f 625 626 682
f 625 682 681
f 626 627 683
f 626 683 682
f 627 628 684
f 627 684 683
f 628 629 685
f 628 685 684
f 629 630 686
f 629 686 685
f 630 631 687
f 630 687 686
f 631 632 688
f 631 688 687
f 632 633 689
f 632 689 688
f 633 634 690
f 633 690 689
f 634 635 691
f 634 691 690
f 635 636 692
f 635 692 691
f 636 637 693
f 636 693 692
f 637 638 694
f 637 694 693
f 638 639 695
f 638 695 694
f 639 640 696
f 639 696 695
f 640 641 697
f 640 697 696
f 641 642 698
f 641 698 697
f 642 643 699
f 642 699 698
f 643 644 700
f 643 700 699
f 644 645 701
f 644 701 700
f 645 646 702
f 645 702 701
f 646 647 703
f 646 703 702
f 647 648 704
f 647 704 703
f 648 649 705
f 648 705 704
f 649 650 706
f 649 706 705
f 650 651 707
f 650 707 706
f 651 652 708
f 651 708 707
f 652 653 709
f 652 709 708
f 653 654 710
f 653 710 709
f 654 655 711
f 654 711 710
f 655 656 712
f 655 712 711
f 656 657 713
f 656 713 712
f 657 658 714
f 657 714 713
f 658 659 715
f 658 715 714
f 659 660 716
f 659 716 715
f 660 661 717
f 660 717 716
f 661 662 718
f 661 718 717
f 662 663 719
f 662 719 718
f 663 664 720
f 663 720 719
f 664 665 721
f 664 721 720
f 665 666 722
f 665 722 721
f 666 667 723
f 666 723 722
f 667 668 724
f 667 724 723
f 668 669 725
f 668 725 724
f 669 670 726
f 669 726 725
f 670 671 727
f 670 727 726
f 671 672 728
f 671 728 727
f 672 673 729
f 672 729 728
f 673 674 730
f 673 730 729
f 674 619 675
f 674 675 730
f 675 676 732
f 675 732 731
f 676 677 733
f 676 733 732
f 677 678 734
f 677 734 733
f 678 679 735
f 678 735 734
f 679 680 736
f 679 736 735
f 680 681 737
f 680 737 736
f 681 682 738
f 681 738 737
f 682 683 739
f 682 739 738
f 683 684 740
f 683 740 739
f 684 685 741
f 684 741 740
f 685 686 742
f 685 742 741
f 686 687 743
f 686 743 742
f 687 688 744
f 687 744 743
f 688 689 745
f 688 745 744
f 689 690 746
f 689 746 745
f 690 691 747
f 690 747 746
f 691 692 748
f 691 748 747
f 692 693 749
f 692 749 748
f 693 694 750
f 693 750 749
f 694 695 751
f 694 751 750
f 695 696 752
f 695 752 751
f 696 697 753
f 696 753 752
f 697 698 754
f 697 754 753
f 698 699 755
f 698 755 754
f 699 700 756
f 699 756 755
f 700 701 757
f 700 757 756
f 701 702 758
f 701 758 757
f 702 703 759
f 702 759 758
f 703 704 760
f 703 760 759
f 704 705 761
f 704 761 760
f 705 706 762
f 705 762 761
f 706 707 763
f 706 763 762
f 707 708 764
f 707 764 763
f 708 709 765
f 708 765 764
f 709 710 766
f 709 766 765
f 710 711 767
f 710 767 766
f 711 712 768
f 711 768 767
f 712 713 769
f 712 769 768
f 713 714 770
f 713 770 769
f 714 715 771
f 714 771 770
f 715 716 772
f 715 772 771
f 716 717 773
f 716 773 772
f 717 718 774
f 717 774 773
f 718 719 775
f 718 775 774
f 719 720 776
f 719 776 775
f 720 721 777
f 720 777 776
f 721 722 778
f 721 778 777
f 722 723 779
f 722 779 778
f 723 724 780
f 723 780 779
f 724 725 781
f 724 781 780
f 725 726 782
f 725 782 781
f 726 727 783
f 726 783 782
f 727 728 784
f 727 784 783
f 728 729 785
f 728 785 784
f 729 730 786
f 729 786 785
f 730 675 731
f 730 731 786
f 731 732 788
f 731 788 787
f 732 733 789
f 732 789 788
f 733 734 790
f 733 790 789
f 734 735 791
f 734 791 790
f 735 736 792
f 735 792 791
f 736 737 793
f 736 793 792
f 737 738 794
f 737 794 793
f 738 739 795
f 738 795 794
f 739 740 796
f 739 796 795
f 740 741 797
f 740 797 796
f 741 742 798
f 741 798 797
f 742 743 799
f 742 799 798
f 743 744 800
f 743 800 799
f 744 745 801
f 744 801 800
f 745 746 802
f 745 802 801
f 746 747 803
f 746 803 802
f 747 748 804
f 747 804 803
f 748 749 805
f 748 805 804
f 749 750 806
f 749 806 805
f 750 751 807
f 750 807 806
f 751 752 808
f 751 808 807
f 752 753 809
f 752 809 808
f 753 754 810
f 753 810 809
f 754 755 811
f 754 811 810
f 755 756 812
f 755 812 811
f 756 757 813
f 756 813 812
f 757 758 814
f 757 814 813
f 758 759 815
f 758 815 814
f 759 760 816
f 759 816 815
f 760 761 817
f 760 817 816
f 761 762 818
f 761 818 817
f 762 763 819
f 762 819 818
f 763 764 820
f 763 820 819
f 764 765 821
f 764 821 820
f 765 766 822
f 765 822 821
f 766 767 823
f 766 823 822
f 767 768 824
f 767 824 823
f 768 769 825
f 768 825 824
f 769 770 826
f 769 826 825
f 770 771 827
f 770 827 826
f 771 772 828
f 771 828 827
f 772 773 829
f 772 829 828
f 773 774 830
f 773 830 829
f 774 775 831
f 774 831 830
f 775 776 832
f 775 832 831
f 776 777 833
f 776 833 832
f 777 778 834
f 777 834 833
f 778 779 835
f 778 835 834
f 779 780 836
f 779 836 835
f 780 781 837
f 780 837 836
f 781 782 838
f 781 838 837
f 782 783 839
f 782 839 838
f 783 784 840
f 783 840 839
f 784 785 841
f 784 841 840
f 785 786 842
f 785 842 841
f 786 731 787
f 786 787 842
f 787 788 844
f 787 844 843
f 788 789 845
f 788 845 844
f 789 790 846
f 789 846 845
f 790 791 847
f 790 847 846
f 791 792 848
f 791 848 847
f 792 793 849
f 792 849 848
f 793 794 850
f 793 850 849
f 794 795 851
f 794 851 850
f 795 796 852
f 795 852 851
f 796 797 853
f 796 853 852
f 797 798 854
f 797 854 853
f 798 799 855
f 798 855 854
f 799 800 856
f 799 856 855
f 800 801 857
f 800 857 856
f 801 802 858
f 801 858 857
f 802 803 859
f 802 859 858
f 803 804 860
f 803 860 859
f 804 805 861
f 804 861 860
f 805 806 862
f 805 862 861
f 806 807 863
f 806 863 862
f 807 808 864
f 807 864 863
f 808 809 865
f 808 865 864
f 809 810 866
f 809 866 865
f 810 811 867
f 810 867 866
f 811 812 868
f 811 868 867
f 812 813 869
f 812 869 868
f 813 814 870
f 813 870 869
f 814 815 871
f 814 871 870
f 815 816 872
f 815 872 871
f 816 817 873
f 816 873 872
f 817 818 874
f 817 874 873
f 818 819 875
f 818 875 874
f 819 820 876
f 819 876 875
f 820 821 877
f 820 877 876
f 821 822 878
f 821 878 877
f 822 823 879
f 822 879 878
f 823 824 880
f 823 880 879
f 824 825 881
f 824 881 880
f 825 826 882
f 825 882 881
f 826 827 883
f 826 883 882
f 827 828 884
f 827 884 883
f 828 829 885
f 828 885 884
f 829 830 886
f 829 886 885
f 830 831 887
f 830 887 886
f 831 832 888
f 831 888 887
f 832 833 889
f 832 889 888
f 833 834 890
f 833 890 889
f 834 835 891
f 834 891 890
f 835 836 892
f 835 892 891
f 836 837 893
f 836 893 892
f 837 838 894
f 837 894 893
f 838 839 895
f 838 895 894
f 839 840 896
f 839 896 895
f 840 841 897
f 840 897 896
f 841 842 898
f 841 898 897
f 842 787 843
f 842 843 898
f 843 844 900
f 843 900 899
f 844 845 901
f 844 901 900
f 845 846 902
f 845 902 901
f 846 847 903
f 846 903 902
f 847 848 904
f 847 904 903
f 848 849 905
f 848 905 904
f 849 850 906
f 849 906 905
f 850 851 907
f 850 907 906
f 851 852 908
f 851 908 907
f 852 853 909
f 852 909 908
f 853 854 910
f 853 910 909
f 854 855 911
f 854 911 910
f 855 856 912
f 855 912 911
f 856 857 913
f 856 913 912
f 857 858 914
f 857 914 913
f 858 859 915
f 858 915 914
f 859 860 916
f 859 916 915
f 860 861 917
f 860 917 916
f 861 862 918
f 861 918 917
f 862 863 919
f 862 919 918
f 863 864 920
f 863 920 919
f 864 865 921
f 864 921 920
f 865 866 922
f 865 922 921
f 866 867 923
f 866 923 922
f 867 868 924
f 867 924 923
f 868 869 925
f 868 925 924
f 869 870 926
f 869 926 925
f 870 871 927
f 870 927 926
f 871 872 928
f 871 928 927
f 872 873 929
f 872 929 928
f 873 874 930
f 873 930 929
f 874 875 931
f 874 931 930
f 875 876 932
f 875 932 931
f 876 877 933
f 876 933 932
f 877 878 934
f 877 934 933
f 878 879 935
f 878 935 934
f 879 880 936
f 879 936 935
f 880 881 937
f 880 937 936
f 881 882 938
f 881 938 937
f 882 883 939
f 882 939 938
f 883 884 940
f 883 940 939
f 884 885 941
f 884 941 940
f 885 886 942
f 885 942 941
f 886 887 943
f 886 943 942
f 887 888 944
f 887 944 943
f 888 889 945
f 888 945 944
f 889 890 946
f 889 946 945
f 890 891 947
f 890 947 946
f 891 892 948
f 891 948 947
f 892 893 949
f 892 949 948
f 893 894 950
f 893 950 949
f 894 895 951
f 894 951 950
f 895 896 952
f 895 952 951
f 896 897 953
f 896 953 952
f 897 898 954
f 897 954 953
f 898 843 899
f 898 899 954
f 899 900 956
f 899 956 955
f 900 901 957
f 900 957 956
f 901 902 958
f 901 958 957
f 902 903 959
f 902 959 958
f 903 904 960
f 903 960 959
f 904 905 961
f 904 961 960
f 905 906 962
f 905 962 961
f 906 907 963
f 906 963 962
f 907 908 964
f 907 964 963
f 908 909 965
f 908 965 964
f 909 910 966
f 909 966 965
f 910 911 967
f 910 967 966
f 911 912 968
f 911 968 967
f 912 913 969
f 912 969 968
f 913 914 970
f 913 970 969
f 914 915 971
f 914 971 970
f 915 916 972
f 915 972 971
f 916 917 973
f 916 973 972
f 917 918 974
f 917 974 973
f 918 919 975
f 918 975 974
f 919 920 976
f 919 976 975
f 920 921 977
f 920 977 976
f 921 922 978
f 921 978 977
f 922 923 979
f 922 979 978
f 923 924 980
f 923 980 979
f 924 925 981
f 924 981 980
f 925 926 982
f 925 982 981
f 926 927 983
f 926 983 982
f 927 928 984
f 927 984 983
f 928 929 985
f 928 985 984
f 929 930 986
f 929 986 985
f 930 931 987
f 930 987 986
f 931 932 988
f 931 988 987
f 932 933 989
f 932 989 988
f 933 934 990
f 933 990 989
f 934 935 991
f 934 991 990
f 935 936 992
f 935 992 991
f 936 937 993
f 936 993 992
f 937 938 994
f 937 994 993
f 938 939 995
f 938 995 994
f 939 940 996
f 939 996 995
f 940 941 997
f 940 997 996
f 941 942 998
f 941 998 997
f 942 943 999
f 942 999 998
f 943 944 1000
f 943 1000 999
f 944 945 1001
f 944 1001 1000
f 945 946 1002
f 945 1002 1001
f 946 947 1003
f 946 1003 1002
f 947 948 1004
f 947 1004 1003
f 948 949 1005
f 948 1005 1004
f 949 950 1006
f 949 1006 1005
f 950 951 1007
f 950 1007 1006
f 951 952 1008
f 951 1008 1007
f 952 953 1009
f 952 1009 1008
f 953 954 1010
f 953 1010 1009
f 954 899 955
f 954 955 1010
f 955 956 1012
f 955 1012 1011
f 956 957 1013
f 956 1013 1012
f 957 958 1014
f 957 1014 1013
f 958 959 1015
f 958 1015 1014
f 959 960 1016
f 959 1016 1015
f 960 961 1017
f 960 1017 1016
f 961 962 1018
f 961 1018 1017
f 962 963 1019
f 962 1019 1018
f 963 964 1020
f 963 1020 1019
f 964 965 1021
f 964 1021 1020
f 965 966 1022
f 965 1022 1021
f 966 967 1023
f 966 1023 1022
f 967 968 1024
f 967 1024 1023
f 968 969 1025
f 968 1025 1024
f 969 970 1026
f 969 1026 1025
f 970 971 1027
f 970 1027 1026
f 971 972 1028
f 971 1028 1027
f 972 973 1029
f 972 1029 1028
f 973 974 1030
f 973 1030 1029
f 974 975 1031
f 974 1031 1030
f 975 976 1032
f 975 1032 1031
f 976 977 1033
f 976 1033 1032
f 977 978 1034
f 977 1034 1033
f 978 979 1035
f 978 1035 1034
f 979 980 1036
f 979 1036 1035
f 980 981 1037
f 980 1037 1036
f 981 982 1038
f 981 1038 1037
f 982 983 1039
f 982 1039 1038
f 983 984 1040
f 983 1040 1039
f 984 985 1041
f 984 1041 1040
f 985 986 1042
f 985 1042 1041
f 986 987 1043
f 986 1043 1042
f 987 988 1044
f 987 1044 1043
f 988 989 1045
f 988 1045 1044
f 989 990 1046
f 989 1046 1045
f 990 991 1047
f 990 1047 1046
f 991 992 1048
f 991 1048 1047
f 992 993 1049
f 992 1049 1048
f 993 994 1050
f 993 1050 1049
f 994 995 1051
f 994 1051 1050
f 995 996 1052
f 995 1052 1051
f 996 997 1053
f 996 1053 1052
f 997 998 1054
f 997 1054 1053
f 998 999 1055
f 998 1055 1054
f 999 1000 1056
f 999 1056 1055
f 1000 1001 1057
f 1000 1057 1056
f 1001 1002 1058
f 1001 1058 1057
f 1002 1003 1059
f 1002 1059 1058
f 1003 1004 1060
f 1003 1060 1059
f 1004 1005 1061
f 1004 1061 1060
f 1005 1006 1062
f 1005 1062 1061
f 1006 1007 1063
f 1006 1063 1062
f 1007 1008 1064
f 1007 1064 1063
f 1008 1009 1065
f 1008 1065 1064
f 1009 1010 1066
f 1009 1066 1065
f 1010 955 1011
f 1010 1011 1066
f 1011 1012 1068
f 1011 1068 1067
f 1012 1013 1069
f 1012 1069 1068
f 1013 1014 1070
f 1013 1070 1069
f 1014 1015 1071
f 1014 1071 1070
f 1015 1016 1072
f 1015 1072 1071
f 1016 1017 1073
f 1016 1073 1072
f 1017 1018 1074
f 1017 1074 1073
f 1018 1019 1075
f 1018 1075 1074
f 1019 1020 1076
f 1019 1076 1075
f 1020 1021 1077
f 1020 1077 1076
f 1021 1022 1078
f 1021 1078 1077
f 1022 1023 1079
f 1022 1079 1078
f 1023 1024 1080
f 1023 1080 1079
f 1024 1025 1081
f 1024 1081 1080
f 1025 1026 1082
f 1025 1082 1081
f 1026 1027 1083
f 1026 1083 1082
f 1027 1028 1084
f 1027 1084 1083
f 1028 1029 1085
f 1028 1085 1084
f 1029 1030 1086
f 1029 1086 1085
f 1030 1031 1087
f 1030 1087 1086
f 1031 1032 1088
f 1031 1088 1087
f 1032 1033 1089
f 1032 1089 1088
f 1033 1034 1090
f 1033 1090 1089
f 1034 1035 1091
f 1034 1091 1090
f 1035 1036 1092
f 1035 1092 1091
f 1036 1037 1093
f 1036 1093 1092
f 1037 1038 1094
f 1037 1094 1093
f 1038 1039 1095
f 1038 1095 1094
f 1039 1040 1096
f 1039 1096 1095
f 1040 1041 1097
f 1040 1097 1096
f 1041 1042 1098
f 1041 1098 1097
f 1042 1043 1099
f 1042 1099 1098
f 1043 1044 1100
f 1043 1100 1099
f 1044 1045 1101
f 1044 1101 1100
f 1045 1046 1102
f 1045 1102 1101
f 1046 1047 1103
f 1046 1103 1102
f 1047 1048 1104
f 1047 1104 1103
f 1048 1049 1105
f 1048 1105 1104
f 1049 1050 1106
f 1049 1106 1105
f 1050 1051 1107
f 1050 1107 1106
f 1051 1052 1108
f 1051 1108 1107
f 1052 1053 1109
f 1052 1109 1108
f 1053 1054 1110
f 1053 1110 1109
f 1054 1055 1111
f 1054 1111 1110
f 1055 1056 1112
f 1055 1112 1111
f 1056 1057 1113
f 1056 1113 1112
f 1057 1058 1114
f 1057 1114 1113
f 1058 1059 1115
f 1058 1115 1114
f 1059 1060 1116
f 1059 1116 1115
f 1060 1061 1117
f 1060 1117 1116
f 1061 1062 1118
f 1061 1118 1117
f 1062 1063 1119
f 1062 1119 1118
f 1063 1064 1120
f 1063 1120 1119
f 1064 1065 1121
f 1064 1121 1120
f 1065 1066 1122
f 1065 1122 1121
f 1066 1011 1067
f 1066 1067 1122
f 1067 1068 1124
f 1067 1124 1123
f 1068 1069 1125
f 1068 1125 1124
f 1069 1070 1126
f 1069 1126 1125
f 1070 1071 1127
f 1070 1127 1126
f 1071 1072 1128
f 1071 1128 1127
f 1072 1073 1129
f 1072 1129 1128
f 1073 1074 1130
f 1073 1130 1129
f 1074 1075 1131
f 1074 1131 1130
f 1075 1076 1132
f 1075 1132 1131
f 1076 1077 1133
f 1076 1133 1132
f 1077 1078 1134
f 1077 1134 1133
f 1078 1079 1135
f 1078 1135 1134
f 1079 1080 1136
f 1079 1136 1135
f 1080 1081 1137
f 1080 1137 1136
f 1081 1082 1138
f 1081 1138 1137
f 1082 1083 1139
f 1082 1139 1138
f 1083 1084 1140
f 1083 1140 1139
f 1084 1085 1141
f 1084 1141 1140
f 1085 1086 1142
f 1085 1142 1141
f 1086 1087 1143
f 1086 1143 1142
f 1087 1088 1144
f 1087 1144 1143
f 1088 1089 1145
f 1088 1145 1144
f 1089 1090 1146
f 1089 1146 1145
f 1090 1091 1147
f 1090 1147 1146
f 1091 1092 1148
f 1091 1148 1147
f 1092 1093 1149
f 1092 1149 1148
f 1093 1094 1150
f 1093 1150 1149
f 1094 1095 1151
f 1094 1151 1150
f 1095 1096 1152
f 1095 1152 1151
f 1096 1097 1153
f 1096 1153 1152
f 1097 1098 1154
f 1097 1154 1153
f 1098 1099 1155
f 1098 1155 1154
f 1099 1100 1156
f 1099 1156 1155
f 1100 1101 1157
f 1100 1157 1156
f 1101 1102 1158
f 1101 1158 1157
f 1102 1103 1159
f 1102 1159 1158
f 1103 1104 1160
f 1103 1160 1159
f 1104 1105 1161
f 1104 1161 1160
f 1105 1106 1162
f 1105 1162 1161
f 1106 1107 1163
f 1106 1163 1162
f 1107 1108 1164
f 1107 1164 1163
f 1108 1109 1165
f 1108 1165 1164
f 1109 1110 1166
f 1109 1166 1165
f 1110 1111 1167
f 1110 1167 1166
f 1111 1112 1168
f 1111 1168 1167
f 1112 1113 1169
f 1112 1169 1168
f 1113 1114 1170
f 1113 1170 1169
f 1114 1115 1171
f 1114 1171 1170
f 1115 1116 1172
f 1115 1172 1171
f 1116 1117 1173
f 1116 1173 1172
f 1117 1118 1174
f 1117 1174 1173
f 1118 1119 1175
f 1118 1175 1174
f 1119 1120 1176
f 1119 1176 1175
f 1120 1121 1177
f 1120 1177 1176
f 1121 1122 1178
f 1121 1178 1177
f 1122 1067 1123
f 1122 1123 1178
f 1123 1124 1180
f 1123 1180 1179
f 1124 1125 1181
f 1124 1181 1180
f 1125 1126 1182
f 1125 1182 1181
f 1126 1127 1183
f 1126 1183 1182
f 1127 1128 1184
f 1127 1184 1183
f 1128 1129 1185
f 1128 1185 1184
f 1129 1130 1186
f 1129 1186 1185
f 1130 1131 1187
f 1130 1187 1186
f 1131 1132 1188
f 1131 1188 1187
f 1132 1133 1189
f 1132 1189 1188
f 1133 1134 1190
f 1133 1190 1189
f 1134 1135 1191
f 1134 1191 1190
f 1135 1136 1192
f 1135 1192 1191
f 1136 1137 1193
f 1136 1193 1192
f 1137 1138 1194
f 1137 1194 1193
f 1138 1139 1195
f 1138 1195 1194
f 1139 1140 1196
f 1139 1196 1195
f 1140 1141 1197
f 1140 1197 1196
f 1141 1142 1198
f 1141 1198 1197
f 1142 1143 1199
f 1142 1199 1198
f 1143 1144 1200
f 1143 1200 1199
f 1144 1145 1201
f 1144 1201 1200
f 1145 1146 1202
f 1145 1202 1201
f 1146 1147 1203
f 1146 1203 1202
f 1147 1148 1204
f 1147 1204 1203
f 1148 1149 1205
f 1148 1205 1204
f 1149 1150 1206
f 1149 1206 1205
f 1150 1151 1207
f 1150 1207 1206
f 1151 1152 1208
f 1151 1208 1207
f 1152 1153 1209
f 1152 1209 1208
f 1153 1154 1210
f 1153 1210 1209
f 1154 1155 1211
f 1154 1211 1210
f 1155 1156 1212
f 1155 1212 1211
f 1156 1157 1213
f 1156 1213 1212
f 1157 1158 1214
f 1157 1214 1213
f 1158 1159 1215
f 1158 1215 1214
f 1159 1160 1216
f 1159 1216 1215
f 1160 1161 1217
f 1160 1217 1216
f 1161 1162 1218
f 1161 1218 1217
f 1162 1163 1219
f 1162 1219 1218
f 1163 1164 1220
f 1163 1220 1219
f 1164 1165 1221
f 1164 1221 1220
f 1165 1166 1222
f 1165 1222 1221
f 1166 1167 1223
f 1166 1223 1222
f 1167 1168 1224
f 1167 1224 1223
f 1168 1169 1225
f 1168 1225 1224
f 1169 1170 1226
f 1169 1226 1225
f 1170 1171 1227
f 1170 1227 1226
f 1171 1172 1228
f 1171 1228 1227
f 1172 1173 1229
f 1172 1229 1228
f 1173 1174 1230
f 1173 1230 1229
f 1174 1175 1231
f 1174 1231 1230
f 1175 1176 1232
f 1175 1232 1231
f 1176 1177 1233
f 1176 1233 1232
f 1177 1178 1234
f 1177 1234 1233
f 1178 1123 1179
f 1178 1179 1234
f 1179 1180 1236
f 1179 1236 1235
f 1180 1181 1237
f 1180 1237 1236
f 1181 1182 1238
f 1181 1238 1237
f 1182 1183 1239
f 1182 1239 1238
f 1183 1184 1240
f 1183 1240 1239
f 1184 1185 1241
f 1184 1241 1240
f 1185 1186 1242
f 1185 1242 1241
f 1186 1187 1243
f 1186 1243 1242
f 1187 1188 1244
f 1187 1244 1243
f 1188 1189 1245
f 1188 1245 1244
f 1189 1190 1246
f 1189 1246 1245
f 1190 1191 1247
f 1190 1247 1246
f 1191 1192 1248
f 1191 1248 1247
f 1192 1193 1249
f 1192 1249 1248
f 1193 1194 1250
f 1193 1250 1249
f 1194 1195 1251
f 1194 1251 1250
f 1195 1196 1252
f 1195 1252 1251
f 1196 1197 1253
f 1196 1253 1252
f 1197 1198 1254
f 1197 1254 1253
f 1198 1199 1255
f 1198 1255 1254
f 1199 1200 1256
f 1199 1256 1255
f 1200 1201 1257
f 1200 1257 1256
f 1201 1202 1258
f 1201 1258 1257
f 1202 1203 1259
f 1202 1259 1258
f 1203 1204 1260
f 1203 1260 1259
f 1204 1205 1261
f 1204 1261 1260
f 1205 1206 1262
f 1205 1262 1261
f 1206 1207 1263
f 1206 1263 1262
f 1207 1208 1264
f 1207 1264 1263
f 1208 1209 1265
f 1208 1265 1264
f 1209 1210 1266
f 1209 1266 1265
f 1210 1211 1267
f 1210 1267 1266
f 1211 1212 1268
f 1211 1268 1267
f 1212 1213 1269
f 1212 1269 1268
f 1213 1214 1270
f 1213 1270 1269
f 1214 1215 1271
f 1214 1271 1270
f 1215 1216 1272
f 1215 1272 1271
f 1216 1217 1273
f 1216 1273 1272
f 1217 1218 1274
f 1217 1274 1273
f 1218 1219 1275
f 1218 1275 1274
f 1219 1220 1276
f 1219 1276 1275
f 1220 1221 1277
f 1220 1277 1276
f 1221 1222 1278
f 1221 1278 1277
f 1222 1223 1279
f 1222 1279 1278
f 1223 1224 1280
f 1223 1280 1279
f 1224 1225 1281
f 1224 1281 1280
f 1225 1226 1282
f 1225 1282 1281
f 1226 1227 1283
f 1226 1283 1282
f 1227 1228 1284
f 1227 1284 1283
f 1228 1229 1285
f 1228 1285 1284
f 1229 1230 1286
f 1229 1286 1285
f 1230 1231 1287
f 1230 1287 1286
f 1231 1232 1288
f 1231 1288 1287
f 1232 1233 1289
f 1232 1289 1288
f 1233 1234 1290
f 1233 1290 1289
f 1234 1179 1235
f 1234 1235 1290
f 1235 1236 1292
f 1235 1292 1291
f 1236 1237 1293
f 1236 1293 1292
f 1237 1238 1294
f 1237 1294 1293
f 1238 1239 1295
f 1238 1295 1294
f 1239 1240 1296
f 1239 1296 1295
f 1240 1241 1297
f 1240 1297 1296
f 1241 1242 1298
f 1241 1298 1297
f 1242 1243 1299
f 1242 1299 1298
f 1243 1244 1300
f 1243 1300 1299
f 1244 1245 1301
f 1244 1301 1300
f 1245 1246 1302
f 1245 1302 1301
f 1246 1247 1303
f 1246 1303 1302
f 1247 1248 1304
f 1247 1304 1303
f 1248 1249 1305
f 1248 1305 1304
f 1249 1250 1306
f 1249 1306 1305
f 1250 1251 1307
f 1250 1307 1306
f 1251 1252 1308
f 1251 1308 1307
f 1252 1253 1309
f 1252 1309 1308
f 1253 1254 1310
f 1253 1310 1309
f 1254 1255 1311
f 1254 1311 1310
f 1255 1256 1312
f 1255 1312 1311
f 1256 1257 1313
f 1256 1313 1312
f 1257 1258 1314
f 1257 1314 1313
f 1258 1259 1315
f 1258 1315 1314
f 1259 1260 1316
f 1259 1316 1315
f 1260 1261 1317
f 1260 1317 1316
f 1261 1262 1318
f 1261 1318 1317
f 1262 1263 1319
f 1262 1319 1318
f 1263 1264 1320
f 1263 1320 1319
f 1264 1265 1321
f 1264 1321 1320
f 1265 1266 1322
f 1265 1322 1321
f 1266 1267 1323
f 1266 1323 1322
f 1267 1268 1324
f 1267 1324 1323
f 1268 1269 1325
f 1268 1325 1324
f 1269 1270 1326
f 1269 1326 1325
f 1270 1271 1327
f 1270 1327 1326
f 1271 1272 1328
f 1271 1328 1327
f 1272 1273 1329
f 1272 1329 1328
f 1273 1274 1330
f 1273 1330 1329
f 1274 1275 1331
f 1274 1331 1330
f 1275 1276 1332
f 1275 1332 1331
f 1276 1277 1333
f 1276 1333 1332
f 1277 1278 1334
f 1277 1334 1333
f 1278 1279 1335
f 1278 1335 1334
f 1279 1280 1336
f 1279 1336 1335
f 1280 1281 1337
f 1280 1337 1336
f 1281 1282 1338
f 1281 1338 1337
f 1282 1283 1339
f 1282 1339 1338
f 1283 1284 1340
f 1283 1340 1339
f 1284 1285 1341
f 1284 1341 1340
f 1285 1286 1342
f 1285 1342 1341
f 1286 1287 1343
f 1286 1343 1342
f 1287 1288 1344
f 1287 1344 1343
f 1288 1289 1345
f 1288 1345 1344
f 1289 1290 1346
f 1289 1346 1345
f 1290 1235 1291
f 1290 1291 1346
f 1291 1292 1348
f 1291 1348 1347
f 1292 1293 1349
f 1292 1349 1348
f 1293 1294 1350
f 1293 1350 1349
f 1294 1295 1351
f 1294 1351 1350
f 1295 1296 1352
f 1295 1352 1351
f 1296 1297 1353
f 1296 1353 1352
f 1297 1298 1354
f 1297 1354 1353
f 1298 1299 1355
f 1298 1355 1354
f 1299 1300 1356
f 1299 1356 1355
f 1300 1301 1357
f 1300 1357 1356
f 1301 1302 1358
f 1301 1358 1357
f 1302 1303 1359
f 1302 1359 1358
f 1303 1304 1360
f 1303 1360 1359
f 1304 1305 1361
f 1304 1361 1360
f 1305 1306 1362
f 1305 1362 1361
f 1306 1307 1363
f 1306 1363 1362
f 1307 1308 1364
f 1307 1364 1363
f 1308 1309 1365
f 1308 1365 1364
f 1309 1310 1366
f 1309 1366 1365
f 1310 1311 1367
f 1310 1367 1366
f 1311 1312 1368
f 1311 1368 1367
f 1312 1313 1369
f 1312 1369 1368
f 1313 1314 1370
f 1313 1370 1369
f 1314 1315 1371
f 1314 1371 1370
f 1315 1316 1372
f 1315 1372 1371
f 1316 1317 1373
f 1316 1373 1372
f 1317 1318 1374
f 1317 1374 1373
f 1318 1319 1375
f 1318 1375 1374
f 1319 1320 1376
f 1319 1376 1375
f 1320 1321 1377
f 1320 1377 1376
f 1321 1322 1378
f 1321 1378 1377
f 1322 1323 1379
f 1322 1379 1378
f 1323 1324 1380
f 1323 1380 1379
f 1324 1325 1381
f 1324 1381 1380
f 1325 1326 1382
f 1325 1382 1381
f 1326 1327 1383
f 1326 1383 1382
f 1327 1328 1384
f 1327 1384 1383
f 1328 1329 1385
f 1328 1385 1384
f 1329 1330 1386
f 1329 1386 1385
f 1330 1331 1387
f 1330 1387 1386
f 1331 1332 1388
f 1331 1388 1387
f 1332 1333 1389
f 1332 1389 1388
f 1333 1334 1390
f 1333 1390 1389
f 1334 1335 1391
f 1334 1391 1390
f 1335 1336 1392
f 1335 1392 1391
f 1336 1337 1393
f 1336 1393 1392
f 1337 1338 1394
f 1337 1394 1393
f 1338 1339 1395
f 1338 1395 1394
f 1339 1340 1396
f 1339 1396 1395
f 1340 1341 1397
f 1340 1397 1396
f 1341 1342 1398
f 1341 1398 1397
f 1342 1343 1399
f 1342 1399 1398
f 1343 1344 1400
f 1343 1400 1399
f 1344 1345 1401
f 1344 1401 1400
f 1345 1346 1402
f 1345 1402 1401
f 1346 1291 1347
f 1346 1347 1402
f 1347 1348 1404
f 1347 1404 1403
f 1348 1349 1405
f 1348 1405 1404
f 1349 1350 1406
f 1349 1406 1405
f 1350 1351 1407
f 1350 1407 1406
f 1351 1352 1408
f 1351 1408 1407
f 1352 1353 1409
f 1352 1409 1408
f 1353 1354 1410
f 1353 1410 1409
f 1354 1355 1411
f 1354 1411 1410
f 1355 1356 1412
f 1355 1412 1411
f 1356 1357 1413
f 1356 1413 1412
f 1357 1358 1414
f 1357 1414 1413
f 1358 1359 1415
f 1358 1415 1414
f 1359 1360 1416
f 1359 1416 1415
f 1360 1361 1417
f 1360 1417 1416
f 1361 1362 1418
f 1361 1418 1417
f 1362 1363 1419
f 1362 1419 1418
f 1363 1364 1420
f 1363 1420 1419
f 1364 1365 1421
f 1364 1421 1420
f 1365 1366 1422
f 1365 1422 1421
f 1366 1367 1423
f 1366 1423 1422
f 1367 1368 1424
f 1367 1424 1423
f 1368 1369 1425
f 1368 1425 1424
f 1369 1370 1426
f 1369 1426 1425
f 1370 1371 1427
f 1370 1427 1426
f 1371 1372 1428
f 1371 1428 1427
f 1372 1373 1429
f 1372 1429 1428
f 1373 1374 1430
f 1373 1430 1429
f 1374 1375 1431
f 1374 1431 1430
f 1375 1376 1432
f 1375 1432 1431
f 1376 1377 1433
f 1376 1433 1432
f 1377 1378 1434
f 1377 1434 1433
f 1378 1379 1435
f 1378 1435 1434
f 1379 1380 1436
f 1379 1436 1435
f 1380 1381 1437
f 1380 1437 1436
f 1381 1382 1438
f 1381 1438 1437
f 1382 1383 1439
f 1382 1439 1438
f 1383 1384 1440
f 1383 1440 1439
f 1384 1385 1441
f 1384 1441 1440
f 1385 1386 1442
f 1385 1442 1441
f 1386 1387 1443
f 1386 1443 1442
f 1387 1388 1444
f 1387 1444 1443
f 1388 1389 1445
f 1388 1445 1444
f 1389 1390 1446
f 1389 1446 1445
f 1390 1391 1447
f 1390 1447 1446
f 1391 1392 1448
f 1391 1448 1447
f 1392 1393 1449
f 1392 1449 1448
f 1393 1394 1450
f 1393 1450 1449
f 1394 1395 1451
f 1394 1451 1450
f 1395 1396 1452
f 1395 1452 1451
f 1396 1397 1453
f 1396 1453 1452
f 1397 1398 1454
f 1397 1454 1453
f 1398 1399 1455
f 1398 1455 1454
f 1399 1400 1456
f 1399 1456 1455
f 1400 1401 1457
f 1400 1457 1456
f 1401 1402 1458
f 1401 1458 1457
f 1402 1347 1403
f 1402 1403 1458
f 1403 1404 1460
f 1403 1460 1459
f 1404 1405 1461
f 1404 1461 1460
f 1405 1406 1462
f 1405 1462 1461
f 1406 1407 1463
f 1406 1463 1462
f 1407 1408 1464
f 1407 1464 1463
f 1408 1409 1465
f 1408 1465 1464
f 1409 1410 1466
f 1409 1466 1465
f 1410 1411 1467
f 1410 1467 1466
f 1411 1412 1468
f 1411 1468 1467
f 1412 1413 1469
f 1412 1469 1468
f 1413 1414 1470
f 1413 1470 1469
f 1414 1415 1471
f 1414 1471 1470
f 1415 1416 1472
f 1415 1472 1471
f 1416 1417 1473
f 1416 1473 1472
f 1417 1418 1474
f 1417 1474 1473
f 1418 1419 1475
f 1418 1475 1474
f 1419 1420 1476
f 1419 1476 1475
f 1420 1421 1477
f 1420 1477 1476
f 1421 1422 1478
f 1421 1478 1477
f 1422 1423 1479
f 1422 1479 1478
f 1423 1424 1480
f 1423 1480 1479
f 1424 1425 1481
f 1424 1481 1480
f 1425 1426 1482
f 1425 1482 1481
f 1426 1427 1483
f 1426 1483 1482
f 1427 1428 1484
f 1427 1484 1483
f 1428 1429 1485
f 1428 1485 1484
f 1429 1430 1486
f 1429 1486 1485
f 1430 1431 1487
f 1430 1487 1486
f 1431 1432 1488
f 1431 1488 1487
f 1432 1433 1489
f 1432 1489 1488
f 1433 1434 1490
f 1433 1490 1489
f 1434 1435 1491
f 1434 1491 1490
f 1435 1436 1492
f 1435 1492 1491
f 1436 1437 1493
f 1436 1493 1492
f 1437 1438 1494
f 1437 1494 1493
f 1438 1439 1495
f 1438 1495 1494
f 1439 1440 1496
f 1439 1496 1495
f 1440 1441 1497
f 1440 1497 1496
f 1441 1442 1498
f 1441 1498 1497
f 1442 1443 1499
f 1442 1499 1498
f 1443 1444 1500
f 1443 1500 1499
f 1444 1445 1501
f 1444 1501 1500
f 1445 1446 1502
f 1445 1502 1501
f 1446 1447 1503
f 1446 1503 1502
f 1447 1448 1504
f 1447 1504 1503
f 1448 1449 1505
f 1448 1505 1504
f 1449 1450 1506
f 1449 1506 1505
f 1450 1451 1507
f 1450 1507 1506
f 1451 1452 1508
f 1451 1508 1507
f 1452 1453 1509
f 1452 1509 1508
f 1453 1454 1510
f 1453 1510 1509
f 1454 1455 1511
f 1454 1511 1510
f 1455 1456 1512
f 1455 1512 1511
f 1456 1457 1513
f 1456 1513 1512
f 1457 1458 1514
f 1457 1514 1513
f 1458 1403 1459
f 1458 1459 1514
f 1459 1460 1516
f 1459 1516 1515
f 1460 1461 1517
f 1460 1517 1516
f 1461 1462 1518
f 1461 1518 1517
f 1462 1463 1519
f 1462 1519 1518
f 1463 1464 1520
f 1463 1520 1519
f 1464 1465 1521
f 1464 1521 1520
f 1465 1466 1522
f 1465 1522 1521
f 1466 1467 1523
f 1466 1523 1522
f 1467 1468 1524
f 1467 1524 1523
f 1468 1469 1525
f 1468 1525 1524
f 1469 1470 1526
f 1469 1526 1525
f 1470 1471 1527
f 1470 1527 1526
f 1471 1472 1528
f 1471 1528 1527
f 1472 1473 1529
f 1472 1529 1528
f 1473 1474 1530
f 1473 1530 1529
f 1474 1475 1531
f 1474 1531 1530
f 1475 1476 1532
f 1475 1532 1531
f 1476 1477 1533
f 1476 1533 1532
f 1477 1478 1534
f 1477 1534 1533
f 1478 1479 1535
f 1478 1535 1534
f 1479 1480 1536
f 1479 1536 1535
f 1480 1481 1537
f 1480 1537 1536
f 1481 1482 1538
f 1481 1538 1537
f 1482 1483 1539
f 1482 1539 1538
f 1483 1484 1540
f 1483 1540 1539
f 1484 1485 1541
f 1484 1541 1540
f 1485 1486 1542
f 1485 1542 1541
f 1486 1487 1543
f 1486 1543 1542
f 1487 1488 1544
f 1487 1544 1543
f 1488 1489 1545
f 1488 1545 1544
f 1489 1490 1546
f 1489 1546 1545
f 1490 1491 1547
f 1490 1547 1546
f 1491 1492 1548
f 1491 1548 1547
f 1492 1493 1549
f 1492 1549 1548
f 1493 1494 1550
f 1493 1550 1549
f 1494 1495 1551
f 1494 1551 1550
f 1495 1496 1552
f 1495 1552 1551
f 1496 1497 1553
f 1496 1553 1552
f 1497 1498 1554
f 1497 1554 1553
f 1498 1499 1555
f 1498 1555 1554
f 1499 1500 1556
f 1499 1556 1555
f 1500 1501 1557
f 1500 1557 1556
f 1501 1502 1558
f 1501 1558 1557
f 1502 1503 1559
f 1502 1559 1558
f 1503 1504 1560
f 1503 1560 1559
f 1504 1505 1561
f 1504 1561 1560
f 1505 1506 1562
f 1505 1562 1561
f 1506 1507 1563
f 1506 1563 1562
f 1507 1508 1564
f 1507 1564 1563
f 1508 1509 1565
f 1508 1565 1564
f 1509 1510 1566
f 1509 1566 1565
f 1510 1511 1567
f 1510 1567 1566
f 1511 1512 1568
f 1511 1568 1567
f 1512 1513 1569
f 1512 1569 1568
f 1513 1514 1570
f 1513 1570 1569
f 1514 1459 1515
f 1514 1515 1570
f 1515 1516 1572
f 1515 1572 1571
f 1516 1517 1573
f 1516 1573 1572
f 1517 1518 1574
f 1517 1574 1573
f 1518 1519 1575
f 1518 1575 1574
f 1519 1520 1576
f 1519 1576 1575
f 1520 1521 1577
f 1520 1577 1576
f 1521 1522 1578
f 1521 1578 1577
f 1522 1523 1579
f 1522 1579 1578
f 1523 1524 1580
f 1523 1580 1579
f 1524 1525 1581
f 1524 1581 1580
f 1525 1526 1582
f 1525 1582 1581
f 1526 1527 1583
f 1526 1583 1582
f 1527 1528 1584
f 1527 1584 1583
f 1528 1529 1585
f 1528 1585 1584
f 1529 1530 1586
f 1529 1586 1585
f 1530 1531 1587
f 1530 1587 1586
f 1531 1532 1588
f 1531 1588 1587
f 1532 1533 1589
f 1532 1589 1588
f 1533 1534 1590
f 1533 1590 1589
f 1534 1535 1591
f 1534 1591 1590
f 1535 1536 1592
f 1535 1592 1591
f 1536 1537 1593
f 1536 1593 1592
f 1537 1538 1594
f 1537 1594 1593
f 1538 1539 1595
f 1538 1595 1594
f 1539 1540 1596
f 1539 1596 1595
f 1540 1541 1597
f 1540 1597 1596
f 1541 1542 1598
f 1541 1598 1597
f 1542 1543 1599
f 1542 1599 1598
f 1543 1544 1600
f 1543 1600 1599
f 1544 1545 1601
f 1544 1601 1600
f 1545 1546 1602
f 1545 1602 1601
f 1546 1547 1603
f 1546 1603 1602
f 1547 1548 1604
f 1547 1604 1603
f 1548 1549 1605
f 1548 1605 1604
f 1549 1550 1606
f 1549 1606 1605
f 1550 1551 1607
f 1550 1607 1606
f 1551 1552 1608
f 1551 1608 1607
f 1552 1553 1609
f 1552 1609 1608
f 1553 1554 1610
f 1553 1610 1609
f 1554 1555 1611
f 1554 1611 1610
f 1555 1556 1612
f 1555 1612 1611
f 1556 1557 1613
f 1556 1613 1612
f 1557 1558 1614
f 1557 1614 1613
f 1558 1559 1615
f 1558 1615 1614
f 1559 1560 1616
f 1559 1616 1615
f 1560 1561 1617
f 1560 1617 1616
f 1561 1562 1618
f 1561 1618 1617
f 1562 1563 1619
f 1562 1619 1618
f 1563 1564 1620
f 1563 1620 1619
f 1564 1565 1621
f 1564 1621 1620
f 1565 1566 1622
f 1565 1622 1621
f 1566 1567 1623
f 1566 1623 1622
f 1567 1568 1624
f 1567 1624 1623
f 1568 1569 1625
f 1568 1625 1624
f 1569 1570 1626
f 1569 1626 1625
f 1570 1515 1571
f 1570 1571 1626
f 1571 1572 1628
f 1571 1628 1627
f 1572 1573 1629
f 1572 1629 1628
f 1573 1574 1630
f 1573 1630 1629
f 1574 1575 1631
f 1574 1631 1630
f 1575 1576 1632
f 1575 1632 1631
f 1576 1577 1633
f 1576 1633 1632
f 1577 1578 1634
f 1577 1634 1633
f 1578 1579 1635
f 1578 1635 1634
f 1579 1580 1636
f 1579 1636 1635
f 1580 1581 1637
f 1580 1637 1636
f 1581 1582 1638
f 1581 1638 1637
f 1582 1583 1639
f 1582 1639 1638
f 1583 1584 1640
f 1583 1640 1639
f 1584 1585 1641
f 1584 1641 1640
f 1585 1586 1642
f 1585 1642 1641
f 1586 1587 1643
f 1586 1643 1642
f 1587 1588 1644
f 1587 1644 1643
f 1588 1589 1645
f 1588 1645 1644
f 1589 1590 1646
f 1589 1646 1645
f 1590 1591 1647
f 1590 1647 1646
f 1591 1592 1648
f 1591 1648 1647
f 1592 1593 1649
f 1592 1649 1648
f 1593 1594 1650
f 1593 1650 1649
f 1594 1595 1651
f 1594 1651 1650
f 1595 1596 1652
f 1595 1652 1651
f 1596 1597 1653
f 1596 1653 1652
f 1597 1598 1654
f 1597 1654 1653
f 1598 1599 1655
f 1598 1655 1654
f 1599 1600 1656
f 1599 1656 1655
f 1600 1601 1657
f 1600 1657 1656
f 1601 1602 1658
f 1601 1658 1657
f 1602 1603 1659
f 1602 1659 1658
f 1603 1604 1660
f 1603 1660 1659
f 1604 1605 1661
f 1604 1661 1660
f 1605 1606 1662
f 1605 1662 1661
f 1606 1607 1663
f 1606 1663 1662
f 1607 1608 1664
f 1607 1664 1663
f 1608 1609 1665
f 1608 1665 1664
f 1609 1610 1666
f 1609 1666 1665
f 1610 1611 1667
f 1610 1667 1666
f 1611 1612 1668
f 1611 1668 1667
f 1612 1613 1669
f 1612 1669 1668
f 1613 1614 1670
f 1613 1670 1669
f 1614 1615 1671
f 1614 1671 1670
f 1615 1616 1672
f 1615 1672 1671
f 1616 1617 1673
f 1616 1673 1672
f 1617 1618 1674
f 1617 1674 1673
f 1618 1619 1675
f 1618 1675 1674
f 1619 1620 1676
f 1619 1676 1675
f 1620 1621 1677
f 1620 1677 1676
f 1621 1622 1678
f 1621 1678 1677
f 1622 1623 1679
f 1622 1679 1678
f 1623 1624 1680
f 1623 1680 1679
f 1624 1625 1681
f 1624 1681 1680
f 1625 1626 1682
f 1625 1682 1681
f 1626 1571 1627
f 1626 1627 1682
f 1627 1628 1684
f 1627 1684 1683
f 1628 1629 1685
f 1628 1685 1684
f 1629 1630 1686
f 1629 1686 1685
f 1630 1631 1687
f 1630 1687 1686
f 1631 1632 1688
f 1631 1688 1687
f 1632 1633 1689
f 1632 1689 1688
f 1633 1634 1690
f 1633 1690 1689
f 1634 1635 1691
f 1634 1691 1690
f 1635 1636 1692
f 1635 1692 1691
f 1636 1637 1693
f 1636 1693 1692
f 1637 1638 1694
f 1637 1694 1693
f 1638 1639 1695
f 1638 1695 1694
f 1639 1640 1696
f 1639 1696 1695
f 1640 1641 1697
f 1640 1697 1696
f 1641 1642 1698
f 1641 1698 1697
f 1642 1643 1699
f 1642 1699 1698
f 1643 1644 1700
f 1643 1700 1699
f 1644 1645 1701
f 1644 1701 1700
f 1645 1646 1702
f 1645 1702 1701
f 1646 1647 1703
f 1646 1703 1702
f 1647 1648 1704
f 1647 1704 1703
f 1648 1649 1705
f 1648 1705 1704
f 1649 1650 1706
f 1649 1706 1705
f 1650 1651 1707
f 1650 1707 1706
f 1651 1652 1708
f 1651 1708 1707
f 1652 1653 1709
f 1652 1709 1708
f 1653 1654 1710
f 1653 1710 1709
f 1654 1655 1711
f 1654 1711 1710
f 1655 1656 1712
f 1655 1712 1711
f 1656 1657 1713
f 1656 1713 1712
f 1657 1658 1714
f 1657 1714 1713
f 1658 1659 1715
f 1658 1715 1714
f 1659 1660 1716
f 1659 1716 1715
f 1660 1661 1717
f 1660 1717 1716
f 1661 1662 1718
f 1661 1718 1717
f 1662 1663 1719
f 1662 1719 1718
f 1663 1664 1720
f 1663 1720 1719
f 1664 1665 1721
f 1664 1721 1720
f 1665 1666 1722
f 1665 1722 1721
f 1666 1667 1723
f 1666 1723 1722
f 1667 1668 1724
f 1667 1724 1723
f 1668 1669 1725
f 1668 1725 1724
f 1669 1670 1726
f 1669 1726 1725
f 1670 1671 1727
f 1670 1727 1726
f 1671 1672 1728
f 1671 1728 1727
f 1672 1673 1729
f 1672 1729 1728
f 1673 1674 1730
f 1673 1730 1729
f 1674 1675 1731
f 1674 1731 1730
f 1675 1676 1732
f 1675 1732 1731
f 1676 1677 1733
f 1676 1733 1732
f 1677 1678 1734
f 1677 1734 1733
f 1678 1679 1735
f 1678 1735 1734
f 1679 1680 1736
f 1679 1736 1735
f 1680 1681 1737
f 1680 1737 1736
f 1681 1682 1738
f 1681 1738 1737
f 1682 1627 1683
f 1682 1683 1738
f 1683 1684 1740
f 1683 1740 1739
f 1684 1685 1741
f 1684 1741 1740
f 1685 1686 1742
f 1685 1742 1741
f 1686 1687 1743
f 1686 1743 1742
f 1687 1688 1744
f 1687 1744 1743
f 1688 1689 1745
f 1688 1745 1744
f 1689 1690 1746
f 1689 1746 1745
f 1690 1691 1747
f 1690 1747 1746
f 1691 1692 1748
f 1691 1748 1747
f 1692 1693 1749
f 1692 1749 1748
f 1693 1694 1750
f 1693 1750 1749
f 1694 1695 1751
f 1694 1751 1750
f 1695 1696 1752
f 1695 1752 1751
f 1696 1697 1753
f 1696 1753 1752
f 1697 1698 1754
f 1697 1754 1753
f 1698 1699 1755
f 1698 1755 1754
f 1699 1700 1756
f 1699 1756 1755
f 1700 1701 1757
f 1700 1757 1756
f 1701 1702 1758
f 1701 1758 1757
f 1702 1703 1759
f 1702 1759 1758
f 1703 1704 1760
f 1703 1760 1759
f 1704 1705 1761
f 1704 1761 1760
f 1705 1706 1762
f 1705 1762 1761
f 1706 1707 1763
f 1706 1763 1762
f 1707 1708 1764
f 1707 1764 1763
f 1708 1709 1765
f 1708 1765 1764
f 1709 1710 1766
f 1709 1766 1765
f 1710 1711 1767
f 1710 1767 1766
f 1711 1712 1768
f 1711 1768 1767
f 1712 1713 1769
f 1712 1769 1768
f 1713 1714 1770
f 1713 1770 1769
f 1714 1715 1771
f 1714 1771 1770
f 1715 1716 1772
f 1715 1772 1771
f 1716 1717 1773
f 1716 1773 1772
f 1717 1718 1774
f 1717 1774 1773
f 1718 1719 1775
f 1718 1775 1774
f 1719 1720 1776
f 1719 1776 1775
f 1720 1721 1777
f 1720 1777 1776
f 1721 1722 1778
f 1721 1778 1777
f 1722 1723 1779
f 1722 1779 1778
f 1723 1724 1780
f 1723 1780 1779
f 1724 1725 1781
f 1724 1781 1780
f 1725 1726 1782
f 1725 1782 1781
f 1726 1727 1783
f 1726 1783 1782
f 1727 1728 1784
f 1727 1784 1783
f 1728 1729 1785
f 1728 1785 1784
f 1729 1730 1786
f 1729 1786 1785
f 1730 1731 1787
f 1730 1787 1786
f 1731 1732 1788
f 1731 1788 1787
f 1732 1733 1789
f 1732 1789 1788
f 1733 1734 1790
f 1733 1790 1789
f 1734 1735 1791
f 1734 1791 1790
f 1735 1736 1792
f 1735 1792 1791
f 1736 1737 1793
f 1736 1793 1792
f 1737 1738 1794
f 1737 1794 1793
f 1738 1683 1739
f 1738 1739 1794
f 1739 1740 1796
f 1739 1796 1795
f 1740 1741 1797
f 1740 1797 1796
f 1741 1742 1798
f 1741 1798 1797
f 1742 1743 1799
f 1742 1799 1798
f 1743 1744 1800
f 1743 1800 1799
f 1744 1745 1801
f 1744 1801 1800
f 1745 1746 1802
f 1745 1802 1801
f 1746 1747 1803
f 1746 1803 1802
f 1747 1748 1804
f 1747 1804 1803
f 1748 1749 1805
f 1748 1805 1804
f 1749 1750 1806
f 1749 1806 1805
f 1750 1751 1807
f 1750 1807 1806
f 1751 1752 1808
f 1751 1808 1807
f 1752 1753 1809
f 1752 1809 1808
f 1753 1754 1810
f 1753 1810 1809
f 1754 1755 1811
f 1754 1811 1810
f 1755 1756 1812
f 1755 1812 1811
f 1756 1757 1813
f 1756 1813 1812
f 1757 1758 1814
f 1757 1814 1813
f 1758 1759 1815
f 1758 1815 1814
f 1759 1760 1816
f 1759 1816 1815
f 1760 1761 1817
f 1760 1817 1816
f 1761 1762 1818
f 1761 1818 1817
f 1762 1763 1819
f 1762 1819 1818
f 1763 1764 1820
f 1763 1820 1819
f 1764 1765 1821
f 1764 1821 1820
f 1765 1766 1822
f 1765 1822 1821
f 1766 1767 1823
f 1766 1823 1822
f 1767 1768 1824
f 1767 1824 1823
f 1768 1769 1825
f 1768 1825 1824
f 1769 1770 1826
f 1769 1826 1825
f 1770 1771 1827
f 1770 1827 1826
f 1771 1772 1828
f 1771 1828 1827
f 1772 1773 1829
f 1772 1829 1828
f 1773 1774 1830
f 1773 1830 1829
f 1774 1775 1831
f 1774 1831 1830
f 1775 1776 1832
f 1775 1832 1831
f 1776 1777 1833
f 1776 1833 1832
f 1777 1778 1834
f 1777 1834 1833
f 1778 1779 1835
f 1778 1835 1834
f 1779 1780 1836
f 1779 1836 1835
f 1780 1781 1837
f 1780 1837 1836
f 1781 1782 1838
f 1781 1838 1837
f 1782 1783 1839
f 1782 1839 1838
f 1783 1784 1840
f 1783 1840 1839
f 1784 1785 1841
f 1784 1841 1840
f 1785 1786 1842
f 1785 1842 1841
f 1786 1787 1843
f 1786 1843 1842
f 1787 1788 1844
f 1787 1844 1843
f 1788 1789 1845
f 1788 1845 1844
f 1789 1790 1846
f 1789 1846 1845
f 1790 1791 1847
f 1790 1847 1846
f 1791 1792 1848
f 1791 1848 1847
f 1792 1793 1849
f 1792 1849 1848
f 1793 1794 1850
f 1793 1850 1849
f 1794 1739 1795
f 1794 1795 1850
f 1795 1796 1852
f 1795 1852 1851
f 1796 1797 1853
f 1796 1853 1852
f 1797 1798 1854
f 1797 1854 1853
f 1798 1799 1855
f 1798 1855 1854
f 1799 1800 1856
f 1799 1856 1855
f 1800 1801 1857
f 1800 1857 1856
f 1801 1802 1858
f 1801 1858 1857
f 1802 1803 1859
f 1802 1859 1858
f 1803 1804 1860
f 1803 1860 1859
f 1804 1805 1861
f 1804 1861 1860
f 1805 1806 1862
f 1805 1862 1861
f 1806 1807 1863
f 1806 1863 1862
f 1807 1808 1864
f 1807 1864 1863
f 1808 1809 1865
f 1808 1865 1864
f 1809 1810 1866
f 1809 1866 1865
f 1810 1811 1867
f 1810 1867 1866
f 1811 1812 1868
f 1811 1868 1867
f 1812 1813 1869
f 1812 1869 1868
f 1813 1814 1870
f 1813 1870 1869
f 1814 1815 1871
f 1814 1871 1870
f 1815 1816 1872
f 1815 1872 1871
f 1816 1817 1873
f 1816 1873 1872
f 1817 1818 1874
f 1817 1874 1873
f 1818 1819 1875
f 1818 1875 1874
f 1819 1820 1876
f 1819 1876 1875
f 1820 1821 1877
f 1820 1877 1876
f 1821 1822 1878
f 1821 1878 1877
f 1822 1823 1879
f 1822 1879 1878
f 1823 1824 1880
f 1823 1880 1879
f 1824 1825 1881
f 1824 1881 1880
f 1825 1826 1882
f 1825 1882 1881
f 1826 1827 1883
f 1826 1883 1882
f 1827 1828 1884
f 1827 1884 1883
f 1828 1829 1885
f 1828 1885 1884
f 1829 1830 1886
f 1829 1886 1885
f 1830 1831 1887
f 1830 1887 1886
f 1831 1832 1888
f 1831 1888 1887
f 1832 1833 1889
f 1832 1889 1888
f 1833 1834 1890
f 1833 1890 1889
f 1834 1835 1891
f 1834 1891 1890
f 1835 1836 1892
f 1835 1892 1891
f 1836 1837 1893
f 1836 1893 1892
f 1837 1838 1894
f 1837 1894 1893
f 1838 1839 1895
f 1838 1895 1894
f 1839 1840 1896
f 1839 1896 1895
f 1840 1841 1897
f 1840 1897 1896
f 1841 1842 1898
f 1841 1898 1897
f 1842 1843 1899
f 1842 1899 1898
f 1843 1844 1900
f 1843 1900 1899
f 1844 1845 1901
f 1844 1901 1900
f 1845 1846 1902
f 1845 1902 1901
f 1846 1847 1903
f 1846 1903 1902
f 1847 1848 1904
f 1847 1904 1903
f 1848 1849 1905
f 1848 1905 1904
f 1849 1850 1906
f 1849 1906 1905
f 1850 1795 1851
f 1850 1851 1906
f 1851 1852 1908
f 1851 1908 1907
f 1852 1853 1909
f 1852 1909 1908
f 1853 1854 1910
f 1853 1910 1909
f 1854 1855 1911
f 1854 1911 1910
f 1855 1856 1912
f 1855 1912 1911
f 1856 1857 1913
f 1856 1913 1912
f 1857 1858 1914
f 1857 1914 1913
f 1858 1859 1915
f 1858 1915 1914
f 1859 1860 1916
f 1859 1916 1915
f 1860 1861 1917
f 1860 1917 1916
f 1861 1862 1918
f 1861 1918 1917
f 1862 1863 1919
f 1862 1919 1918
f 1863 1864 1920
f 1863 1920 1919
f 1864 1865 1921
f 1864 1921 1920
f 1865 1866 1922
f 1865 1922 1921
f 1866 1867 1923
f 1866 1923 1922
f 1867 1868 1924
f 1867 1924 1923
f 1868 1869 1925
f 1868 1925 1924
f 1869 1870 1926
f 1869 1926 1925
f 1870 1871 1927
f 1870 1927 1926
f 1871 1872 1928
f 1871 1928 1927
f 1872 1873 1929
f 1872 1929 1928
f 1873 1874 1930
f 1873 1930 1929
f 1874 1875 1931
f 1874 1931 1930
f 1875 1876 1932
f 1875 1932 1931
f 1876 1877 1933
f 1876 1933 1932
f 1877 1878 1934
f 1877 1934 1933
f 1878 1879 1935
f 1878 1935 1934
f 1879 1880 1936
f 1879 1936 1935
f 1880 1881 1937
f 1880 1937 1936
f 1881 1882 1938
f 1881 1938 1937
f 1882 1883 1939
f 1882 1939 1938
f 1883 1884 1940
f 1883 1940 1939
f 1884 1885 1941
f 1884 1941 1940
f 1885 1886 1942
f 1885 1942 1941
f 1886 1887 1943
f 1886 1943 1942
f 1887 1888 1944
f 1887 1944 1943
f 1888 1889 1945
f 1888 1945 1944
f 1889 1890 1946
f 1889 1946 1945
f 1890 1891 1947
f 1890 1947 1946
f 1891 1892 1948
f 1891 1948 1947
f 1892 1893 1949
f 1892 1949 1948
f 1893 1894 1950
f 1893 1950 1949
f 1894 1895 1951
f 1894 1951 1950
f 1895 1896 1952
f 1895 1952 1951
f 1896 1897 1953
f 1896 1953 1952
f 1897 1898 1954
f 1897 1954 1953
f 1898 1899 1955
f 1898 1955 1954
f 1899 1900 1956
f 1899 1956 1955
f 1900 1901 1957
f 1900 1957 1956
f 1901 1902 1958
f 1901 1958 1957
f 1902 1903 1959
f 1902 1959 1958
f 1903 1904 1960
f 1903 1960 1959
f 1904 1905 1961
f 1904 1961 1960
f 1905 1906 1962
f 1905 1962 1961
f 1906 1851 1907
f 1906 1907 1962
f 1907 1908 1964
f 1907 1964 1963
f 1908 1909 1965
f 1908 1965 1964
f 1909 1910 1966
f 1909 1966 1965
f 1910 1911 1967
f 1910 1967 1966
f 1911 1912 1968
f 1911 1968 1967
f 1912 1913 1969
f 1912 1969 1968
f 1913 1914 1970
f 1913 1970 1969
f 1914 1915 1971
f 1914 1971 1970
f 1915 1916 1972
f 1915 1972 1971
f 1916 1917 1973
f 1916 1973 1972
f 1917 1918 1974
f 1917 1974 1973
f 1918 1919 1975
f 1918 1975 1974
f 1919 1920 1976
f 1919 1976 1975
f 1920 1921 1977
f 1920 1977 1976
f 1921 1922 1978
f 1921 1978 1977
f 1922 1923 1979
f 1922 1979 1978
f 1923 1924 1980
f 1923 1980 1979
f 1924 1925 1981
f 1924 1981 1980
f 1925 1926 1982
f 1925 1982 1981
f 1926 1927 1983
f 1926 1983 1982
f 1927 1928 1984
f 1927 1984 1983
f 1928 1929 1985
f 1928 1985 1984
f 1929 1930 1986
f 1929 1986 1985
f 1930 1931 1987
f 1930 1987 1986
f 1931 1932 1988
f 1931 1988 1987
f 1932 1933 1989
f 1932 1989 1988
f 1933 1934 1990
f 1933 1990 1989
f 1934 1935 1991
f 1934 1991 1990
f 1935 1936 1992
f 1935 1992 1991
f 1936 1937 1993
f 1936 1993 1992
f 1937 1938 1994
f 1937 1994 1993
f 1938 1939 1995
f 1938 1995 1994
f 1939 1940 1996
f 1939 1996 1995
f 1940 1941 1997
f 1940 1997 1996
f 1941 1942 1998
f 1941 1998 1997
f 1942 1943 1999
f 1942 1999 1998
f 1943 1944 2000
f 1943 2000 1999
f 1944 1945 2001
f 1944 2001 2000
f 1945 1946 2002
f 1945 2002 2001
f 1946 1947 2003
f 1946 2003 2002
f 1947 1948 2004
f 1947 2004 2003
f 1948 1949 2005
f 1948 2005 2004
f 1949 1950 2006
f 1949 2006 2005
f 1950 1951 2007
f 1950 2007 2006
f 1951 1952 2008
f 1951 2008 2007
f 1952 1953 2009
f 1952 2009 2008
f 1953 1954 2010
f 1953 2010 2009
f 1954 1955 2011
f 1954 2011 2010
f 1955 1956 2012
f 1955 2012 2011
f 1956 1957 2013
f 1956 2013 2012
f 1957 1958 2014
f 1957 2014 2013
f 1958 1959 2015
f 1958 2015 2014
f 1959 1960 2016
f 1959 2016 2015
f 1960 1961 2017
f 1960 2017 2016
f 1961 1962 2018
f 1961 2018 2017
f 1962 1907 1963
f 1962 1963 2018
f 1963 1964 2020
f 1963 2020 2019
f 1964 1965 2021
f 1964 2021 2020
f 1965 1966 2022
f 1965 2022 2021
f 1966 1967 2023
f 1966 2023 2022
f 1967 1968 2024
f 1967 2024 2023
f 1968 1969 2025
f 1968 2025 2024
f 1969 1970 2026
f 1969 2026 2025
f 1970 1971 2027
f 1970 2027 2026
f 1971 1972 2028
f 1971 2028 2027
f 1972 1973 2029
f 1972 2029 2028
f 1973 1974 2030
f 1973 2030 2029
f 1974 1975 2031
f 1974 2031 2030
f 1975 1976 2032
f 1975 2032 2031
f 1976 1977 2033
f 1976 2033 2032
f 1977 1978 2034
f 1977 2034 2033
f 1978 1979 2035
f 1978 2035 2034
f 1979 1980 2036
f 1979 2036 2035
f 1980 1981 2037
f 1980 2037 2036
f 1981 1982 2038
f 1981 2038 2037
f 1982 1983 2039
f 1982 2039 2038
f 1983 1984 2040
f 1983 2040 2039
f 1984 1985 2041
f 1984 2041 2040
f 1985 1986 2042
f 1985 2042 2041
f 1986 1987 2043
f 1986 2043 2042
f 1987 1988 2044
f 1987 2044 2043
f 1988 1989 2045
f 1988 2045 2044
f 1989 1990 2046
f 1989 2046 2045
f 1990 1991 2047
f 1990 2047 2046
f 1991 1992 2048
f 1991 2048 2047
f 1992 1993 2049
f 1992 2049 2048
f 1993 1994 2050
f 1993 2050 2049
f 1994 1995 2051
f 1994 2051 2050
f 1995 1996 2052
f 1995 2052 2051
f 1996 1997 2053
f 1996 2053 2052
f 1997 1998 2054
f 1997 2054 2053
f 1998 1999 2055
f 1998 2055 2054
f 1999 2000 2056
f 1999 2056 2055
f 2000 2001 2057
f 2000 2057 2056
f 2001 2002 2058
f 2001 2058 2057
f 2002 2003 2059
f 2002 2059 2058
f 2003 2004 2060
f 2003 2060 2059
f 2004 2005 2061
f 2004 2061 2060
f 2005 2006 2062
f 2005 2062 2061
f 2006 2007 2063
f 2006 2063 2062
f 2007 2008 2064
f 2007 2064 2063
f 2008 2009 2065
f 2008 2065 2064
f 2009 2010 2066
f 2009 2066 2065
f 2010 2011 2067
f 2010 2067 2066
f 2011 2012 2068
f 2011 2068 2067
f 2012 2013 2069
f 2012 2069 2068
f 2013 2014 2070
f 2013 2070 2069
f 2014 2015 2071
f 2014 2071 2070
f 2015 2016 2072
f 2015 2072 2071
f 2016 2017 2073
f 2016 2073 2072
f 2017 2018 2074
f 2017 2074 2073
f 2018 1963 2019
f 2018 2019 2074
f 2019 2020 2076
f 2019 2076 2075
f 2020 2021 2077
f 2020 2077 2076
f 2021 2022 2078
f 2021 2078 2077
f 2022 2023 2079
f 2022 2079 2078
f 2023 2024 2080
f 2023 2080 2079
f 2024 2025 2081
f 2024 2081 2080
f 2025 2026 2082
f 2025 2082 2081
f 2026 2027 2083
f 2026 2083 2082
f 2027 2028 2084
f 2027 2084 2083
f 2028 2029 2085
f 2028 2085 2084
f 2029 2030 2086
f 2029 2086 2085
f 2030 2031 2087
f 2030 2087 2086
f 2031 2032 2088
f 2031 2088 2087
f 2032 2033 2089
f 2032 2089 2088
f 2033 2034 2090
f 2033 2090 2089
f 2034 2035 2091
f 2034 2091 2090
f 2035 2036 2092
f 2035 2092 2091
f 2036 2037 2093
f 2036 2093 2092
f 2037 2038 2094
f 2037 2094 2093
f 2038 2039 2095
f 2038 2095 2094
f 2039 2040 2096
f 2039 2096 2095
f 2040 2041 2097
f 2040 2097 2096
f 2041 2042 2098
f 2041 2098 2097
f 2042 2043 2099
f 2042 2099 2098
f 2043 2044 2100
f 2043 2100 2099
f 2044 2045 2101
f 2044 2101 2100
f 2045 2046 2102
f 2045 2102 2101
f 2046 2047 2103
f 2046 2103 2102
f 2047 2048 2104
f 2047 2104 2103
f 2048 2049 2105
f 2048 2105 2104
f 2049 2050 2106
f 2049 2106 2105
f 2050 2051 2107
f 2050 2107 2106
f 2051 2052 2108
f 2051 2108 2107
f 2052 2053 2109
f 2052 2109 2108
f 2053 2054 2110
f 2053 2110 2109
f 2054 2055 2111
f 2054 2111 2110
f 2055 2056 2112
f 2055 2112 2111
f 2056 2057 2113
f 2056 2113 2112
f 2057 2058 2114
f 2057 2114 2113
f 2058 2059 2115
f 2058 2115 2114
f 2059 2060 2116
f 2059 2116 2115
f 2060 2061 2117
f 2060 2117 2116
f 2061 2062 2118
f 2061 2118 2117
f 2062 2063 2119
f 2062 2119 2118
f 2063 2064 2120
f 2063 2120 2119
f 2064 2065 2121
f 2064 2121 2120
f 2065 2066 2122
f 2065 2122 2121
f 2066 2067 2123
f 2066 2123 2122
f 2067 2068 2124
f 2067 2124 2123
f 2068 2069 2125
f 2068 2125 2124
f 2069 2070 2126
f 2069 2126 2125
f 2070 2071 2127
f 2070 2127 2126
f 2071 2072 2128
f 2071 2128 2127
f 2072 2073 2129
f 2072 2129 2128
f 2073 2074 2130
f 2073 2130 2129
f 2074 2019 2075
f 2074 2075 2130
f 2075 2076 2132
f 2075 2132 2131
f 2076 2077 2133
f 2076 2133 2132
f 2077 2078 2134
f 2077 2134 2133
f 2078 2079 2135
f 2078 2135 2134
f 2079 2080 2136
f 2079 2136 2135
f 2080 2081 2137
f 2080 2137 2136
f 2081 2082 2138
f 2081 2138 2137
f 2082 2083 2139
f 2082 2139 2138
f 2083 2084 2140
f 2083 2140 2139
f 2084 2085 2141
f 2084 2141 2140
f 2085 2086 2142
f 2085 2142 2141
f 2086 2087 2143
f 2086 2143 2142
f 2087 2088 2144
f 2087 2144 2143
f 2088 2089 2145
f 2088 2145 2144
f 2089 2090 2146
f 2089 2146 2145
f 2090 2091 2147
f 2090 2147 2146
f 2091 2092 2148
f 2091 2148 2147
f 2092 2093 2149
f 2092 2149 2148
f 2093 2094 2150
f 2093 2150 2149
f 2094 2095 2151
f 2094 2151 2150
f 2095 2096 2152
f 2095 2152 2151
f 2096 2097 2153
f 2096 2153 2152
f 2097 2098 2154
f 2097 2154 2153
f 2098 2099 2155
f 2098 2155 2154
f 2099 2100 2156
f 2099 2156 2155
f 2100 2101 2157
f 2100 2157 2156
f 2101 2102 2158
f 2101 2158 2157
f 2102 2103 2159
f 2102 2159 2158
f 2103 2104 2160
f 2103 2160 2159
f 2104 2105 2161
f 2104 2161 2160
f 2105 2106 2162
f 2105 2162 2161
f 2106 2107 2163
f 2106 2163 2162
f 2107 2108 2164
f 2107 2164 2163
f 2108 2109 2165
f 2108 2165 2164
f 2109 2110 2166
f 2109 2166 2165
f 2110 2111 2167
f 2110 2167 2166
f 2111 2112 2168
f 2111 2168 2167
f 2112 2113 2169
f 2112 2169 2168
f 2113 2114 2170
f 2113 2170 2169
f 2114 2115 2171
f 2114 2171 2170
f 2115 2116 2172
f 2115 2172 2171
f 2116 2117 2173
f 2116 2173 2172
f 2117 2118 2174
f 2117 2174 2173
f 2118 2119 2175
f 2118 2175 2174
f 2119 2120 2176
f 2119 2176 2175
f 2120 2121 2177
f 2120 2177 2176
f 2121 2122 2178
f 2121 2178 2177
f 2122 2123 2179
f 2122 2179 2178
f 2123 2124 2180
f 2123 2180 2179
f 2124 2125 2181
f 2124 2181 2180
f 2125 2126 2182
f 2125 2182 2181
f 2126 2127 2183
f 2126 2183 2182
f 2127 2128 2184
f 2127 2184 2183
f 2128 2129 2185
f 2128 2185 2184
f 2129 2130 2186
f 2129 2186 2185
f 2130 2075 2131
f 2130 2131 2186
f 2131 2132 2188
f 2131 2188 2187
f 2132 2133 2189
f 2132 2189 2188
f 2133 2134 2190
f 2133 2190 2189
f 2134 2135 2191
f 2134 2191 2190
f 2135 2136 2192
f 2135 2192 2191
f 2136 2137 2193
f 2136 2193 2192
f 2137 2138 2194
f 2137 2194 2193
f 2138 2139 2195
f 2138 2195 2194
f 2139 2140 2196
f 2139 2196 2195
f 2140 2141 2197
f 2140 2197 2196
f 2141 2142 2198
f 2141 2198 2197
f 2142 2143 2199
f 2142 2199 2198
f 2143 2144 2200
f 2143 2200 2199
f 2144 2145 2201
f 2144 2201 2200
f 2145 2146 2202
f 2145 2202 2201
f 2146 2147 2203
f 2146 2203 2202
f 2147 2148 2204
f 2147 2204 2203
f 2148 2149 2205
f 2148 2205 2204
f 2149 2150 2206
f 2149 2206 2205
f 2150 2151 2207
f 2150 2207 2206
f 2151 2152 2208
f 2151 2208 2207
f 2152 2153 2209
f 2152 2209 2208
f 2153 2154 2210
f 2153 2210 2209
f 2154 2155 2211
f 2154 2211 2210
f 2155 2156 2212
f 2155 2212 2211
f 2156 2157 2213
f 2156 2213 2212
f 2157 2158 2214
f 2157 2214 2213
f 2158 2159 2215
f 2158 2215 2214
f 2159 2160 2216
f 2159 2216 2215
f 2160 2161 2217
f 2160 2217 2216
f 2161 2162 2218
f 2161 2218 2217
f 2162 2163 2219
f 2162 2219 2218
f 2163 2164 2220
f 2163 2220 2219
f 2164 2165 2221
f 2164 2221 2220
f 2165 2166 2222
f 2165 2222 2221
f 2166 2167 2223
f 2166 2223 2222
f 2167 2168 2224
f 2167 2224 2223
f 2168 2169 2225
f 2168 2225 2224
f 2169 2170 2226
f 2169 2226 2225
f 2170 2171 2227
f 2170 2227 2226
f 2171 2172 2228
f 2171 2228 2227
f 2172 2173 2229
f 2172 2229 2228
f 2173 2174 2230
f 2173 2230 2229
f 2174 2175 2231
f 2174 2231 2230
f 2175 2176 2232
f 2175 2232 2231
f 2176 2177 2233
f 2176 2233 2232
f 2177 2178 2234
f 2177 2234 2233
f 2178 2179 2235
f 2178 2235 2234
f 2179 2180 2236
f 2179 2236 2235
f 2180 2181 2237
f 2180 2237 2236
f 2181 2182 2238
f 2181 2238 2237
f 2182 2183 2239
f 2182 2239 2238
f 2183 2184 2240
f 2183 2240 2239
f 2184 2185 2241
f 2184 2241 2240
f 2185 2186 2242
f 2185 2242 2241
f 2186 2131 2187
f 2186 2187 2242
f 2187 2188 2244
f 2187 2244 2243
f 2188 2189 2245
f 2188 2245 2244
f 2189 2190 2246
f 2189 2246 2245
f 2190 2191 2247
f 2190 2247 2246
f 2191 2192 2248
f 2191 2248 2247
f 2192 2193 2249
f 2192 2249 2248
f 2193 2194 2250
f 2193 2250 2249
f 2194 2195 2251
f 2194 2251 2250
f 2195 2196 2252
f 2195 2252 2251
f 2196 2197 2253
f 2196 2253 2252
f 2197 2198 2254
f 2197 2254 2253
f 2198 2199 2255
f 2198 2255 2254
f 2199 2200 2256
f 2199 2256 2255
f 2200 2201 2257
f 2200 2257 2256
f 2201 2202 2258
f 2201 2258 2257
f 2202 2203 2259
f 2202 2259 2258
f 2203 2204 2260
f 2203 2260 2259
f 2204 2205 2261
f 2204 2261 2260
f 2205 2206 2262
f 2205 2262 2261
f 2206 2207 2263
f 2206 2263 2262
f 2207 2208 2264
f 2207 2264 2263
f 2208 2209 2265
f 2208 2265 2264
f 2209 2210 2266
f 2209 2266 2265
f 2210 2211 2267
f 2210 2267 2266
f 2211 2212 2268
f 2211 2268 2267
f 2212 2213 2269
f 2212 2269 2268
f 2213 2214 2270
f 2213 2270 2269
f 2214 2215 2271
f 2214 2271 2270
f 2215 2216 2272
f 2215 2272 2271
f 2216 2217 2273
f 2216 2273 2272
f 2217 2218 2274
f 2217 2274 2273
f 2218 2219 2275
f 2218 2275 2274
f 2219 2220 2276
f 2219 2276 2275
f 2220 2221 2277
f 2220 2277 2276
f 2221 2222 2278
f 2221 2278 2277
f 2222 2223 2279
f 2222 2279 2278
f 2223 2224 2280
f 2223 2280 2279
f 2224 2225 2281
f 2224 2281 2280
f 2225 2226 2282
f 2225 2282 2281
f 2226 2227 2283
f 2226 2283 2282
f 2227 2228 2284
f 2227 2284 2283
f 2228 2229 2285
f 2228 2285 2284
f 2229 2230 2286
f 2229 2286 2285
f 2230 2231 2287
f 2230 2287 2286
f 2231 2232 2288
f 2231 2288 2287
f 2232 2233 2289
f 2232 2289 2288
f 2233 2234 2290
f 2233 2290 2289
f 2234 2235 2291
f 2234 2291 2290
f 2235 2236 2292
f 2235 2292 2291
f 2236 2237 2293
f 2236 2293 2292
f 2237 2238 2294
f 2237 2294 2293
f 2238 2239 2295
f 2238 2295 2294
f 2239 2240 2296
f 2239 2296 2295
f 2240 2241 2297
f 2240 2297 2296
f 2241 2242 2298
f 2241 2298 2297
f 2242 2187 2243
f 2242 2243 2298
f 2243 2244 2300
f 2243 2300 2299
f 2244 2245 2301
f 2244 2301 2300
f 2245 2246 2302
f 2245 2302 2301
f 2246 2247 2303
f 2246 2303 2302
f 2247 2248 2304
f 2247 2304 2303
f 2248 2249 2305
f 2248 2305 2304
f 2249 2250 2306
f 2249 2306 2305
f 2250 2251 2307
f 2250 2307 2306
f 2251 2252 2308
f 2251 2308 2307
f 2252 2253 2309
f 2252 2309 2308
f 2253 2254 2310
f 2253 2310 2309
f 2254 2255 2311
f 2254 2311 2310
f 2255 2256 2312
f 2255 2312 2311
f 2256 2257 2313
f 2256 2313 2312
f 2257 2258 2314
f 2257 2314 2313
f 2258 2259 2315
f 2258 2315 2314
f 2259 2260 2316
f 2259 2316 2315
f 2260 2261 2317
f 2260 2317 2316
f 2261 2262 2318
f 2261 2318 2317
f 2262 2263 2319
f 2262 2319 2318
f 2263 2264 2320
f 2263 2320 2319
f 2264 2265 2321
f 2264 2321 2320
f 2265 2266 2322
f 2265 2322 2321
f 2266 2267 2323
f 2266 2323 2322
f 2267 2268 2324
f 2267 2324 2323
f 2268 2269 2325
f 2268 2325 2324
f 2269 2270 2326
f 2269 2326 2325
f 2270 2271 2327
f 2270 2327 2326
f 2271 2272 2328
f 2271 2328 2327
f 2272 2273 2329
f 2272 2329 2328
f 2273 2274 2330
f 2273 2330 2329
f 2274 2275 2331
f 2274 2331 2330
f 2275 2276 2332
f 2275 2332 2331
f 2276 2277 2333
f 2276 2333 2332
f 2277 2278 2334
f 2277 2334 2333
f 2278 2279 2335
f 2278 2335 2334
f 2279 2280 2336
f 2279 2336 2335
f 2280 2281 2337
f 2280 2337 2336
f 2281 2282 2338
f 2281 2338 2337
f 2282 2283 2339
f 2282 2339 2338
f 2283 2284 2340
f 2283 2340 2339
f 2284 2285 2341
f 2284 2341 2340
f 2285 2286 2342
f 2285 2342 2341
f 2286 2287 2343
f 2286 2343 2342
f 2287 2288 2344
f 2287 2344 2343
f 2288 2289 2345
f 2288 2345 2344
f 2289 2290 2346
f 2289 2346 2345
f 2290 2291 2347
f 2290 2347 2346
f 2291 2292 2348
f 2291 2348 2347
f 2292 2293 2349
f 2292 2349 2348
f 2293 2294 2350
f 2293 2350 2349
f 2294 2295 2351
f 2294 2351 2350
f 2295 2296 2352
f 2295 2352 2351
f 2296 2297 2353
f 2296 2353 2352
f 2297 2298 2354
f 2297 2354 2353
f 2298 2243 2299
f 2298 2299 2354
f 2299 2300 2356
f 2299 2356 2355
f 2300 2301 2357
f 2300 2357 2356
f 2301 2302 2358
f 2301 2358 2357
f 2302 2303 2359
f 2302 2359 2358
f 2303 2304 2360
f 2303 2360 2359
f 2304 2305 2361
f 2304 2361 2360
f 2305 2306 2362
f 2305 2362 2361
f 2306 2307 2363
f 2306 2363 2362
f 2307 2308 2364
f 2307 2364 2363
f 2308 2309 2365
f 2308 2365 2364
f 2309 2310 2366
f 2309 2366 2365
f 2310 2311 2367
f 2310 2367 2366
f 2311 2312 2368
f 2311 2368 2367
f 2312 2313 2369
f 2312 2369 2368
f 2313 2314 2370
f 2313 2370 2369
f 2314 2315 2371
f 2314 2371 2370
f 2315 2316 2372
f 2315 2372 2371
f 2316 2317 2373
f 2316 2373 2372
f 2317 2318 2374
f 2317 2374 2373
f 2318 2319 2375
f 2318 2375 2374
f 2319 2320 2376
f 2319 2376 2375
f 2320 2321 2377
f 2320 2377 2376
f 2321 2322 2378
f 2321 2378 2377
f 2322 2323 2379
f 2322 2379 2378
f 2323 2324 2380
f 2323 2380 2379
f 2324 2325 2381
f 2324 2381 2380
f 2325 2326 2382
f 2325 2382 2381
f 2326 2327 2383
f 2326 2383 2382
f 2327 2328 2384
f 2327 2384 2383
f 2328 2329 2385
f 2328 2385 2384
f 2329 2330 2386
f 2329 2386 2385
f 2330 2331 2387
f 2330 2387 2386
f 2331 2332 2388
f 2331 2388 2387
f 2332 2333 2389
f 2332 2389 2388
f 2333 2334 2390
f 2333 2390 2389
f 2334 2335 2391
f 2334 2391 2390
f 2335 2336 2392
f 2335 2392 2391
f 2336 2337 2393
f 2336 2393 2392
f 2337 2338 2394
f 2337 2394 2393
f 2338 2339 2395
f 2338 2395 2394
f 2339 2340 2396
f 2339 2396 2395
f 2340 2341 2397
f 2340 2397 2396
f 2341 2342 2398
f 2341 2398 2397
f 2342 2343 2399
f 2342 2399 2398
f 2343 2344 2400
f 2343 2400 2399
f 2344 2345 2401
f 2344 2401 2400
f 2345 2346 2402
f 2345 2402 2401
f 2346 2347 2403
f 2346 2403 2402
f 2347 2348 2404
f 2347 2404 2403
f 2348 2349 2405
f 2348 2405 2404
f 2349 2350 2406
f 2349 2406 2405
f 2350 2351 2407
f 2350 2407 2406
f 2351 2352 2408
f 2351 2408 2407
f 2352 2353 2409
f 2352 2409 2408
f 2353 2354 2410
f 2353 2410 2409
f 2354 2299 2355
f 2354 2355 2410
f 2 2355 2356
f 2 2356 2357
f 2 2357 2358
f 2 2358 2359
f 2 2359 2360
f 2 2360 2361
f 2 2361 2362
f 2 2362 2363
f 2 2363 2364
f 2 2364 2365
f 2 2365 2366
f 2 2366 2367
f 2 2367 2368
f 2 2368 2369
f 2 2369 2370
f 2 2370 2371
f 2 2371 2372
f 2 2372 2373
f 2 2373 2374
f 2 2374 2375
f 2 2375 2376
f 2 2376 2377
f 2 2377 2378
f 2 2378 2379
f 2 2379 2380
f 2 2380 2381
f 2 2381 2382
f 2 2382 2383
f 2 2383 2384
f 2 2384 2385
f 2 2385 2386
f 2 2386 2387
f 2 2387 2388
f 2 2388 2389
f 2 2389 2390
f 2 2390 2391
f 2 2391 2392
f 2 2392 2393
f 2 2393 2394
f 2 2394 2395
f 2 2395 2396
f 2 2396 2397
f 2 2397 2398
f 2 2398 2399
f 2 2399 2400
f 2 2400 2401
f 2 2401 2402
f 2 2402 2403
f 2 2403 2404
f 2 2404 2405
f 2 2405 2406
f 2 2406 2407
f 2 2407 2408
f 2 2408 2409
f 2 2409 2410
f 2 2410 2355
f 2411 2412 2523
f 2411 2523 2522
f 2412 2413 2524
f 2412 2524 2523
f 2413 2414 2525
f 2413 2525 2524
f 2414 2415 2526
f 2414 2526 2525
f 2415 2416 2527
f 2415 2527 2526
f 2416 2417 2528
f 2416 2528 2527
f 2417 2418 2529
f 2417 2529 2528
f 2418 2419 2530
f 2418 2530 2529
f 2419 2420 2531
f 2419 2531 2530
f 2420 2421 2532
f 2420 2532 2531
f 2421 2422 2533
f 2421 2533 2532
f 2422 2423 2534
f 2422 2534 2533
f 2423 2424 2535
f 2423 2535 2534
f 2424 2425 2536
f 2424 2536 2535
f 2425 2426 2537
f 2425 2537 2536
f 2426 2427 2538
f 2426 2538 2537
f 2427 2428 2539
f 2427 2539 2538
f 2428 2429 2540
f 2428 2540 2539
f 2429 2430 2541
f 2429 2541 2540
f 2430 2431 2542
f 2430 2542 2541
f 2431 2432 2543
f 2431 2543 2542
f 2432 2433 2544
f 2432 2544 2543
f 2433 2434 2545
f 2433 2545 2544
f 2434 2435 2546
f 2434 2546 2545
f 2435 2436 2547
f 2435 2547 2546
f 2436 2437 2548
f 2436 2548 2547
f 2437 2438 2549
f 2437 2549 2548
f 2438 2439 2550
f 2438 2550 2549
f 2439 2440 2551
f 2439 2551 2550
f 2440 2441 2552
f 2440 2552 2551
f 2441 2442 2553
f 2441 2553 2552
f 2442 2443 2554
f 2442 2554 2553
f 2443 2444 2555
f 2443 2555 2554
f 2444 2445 2556
f 2444 2556 2555
f 2445 2446 2557
f 2445 2557 2556
f 2446 2447 2558
f 2446 2558 2557
f 2447 2448 2559
f 2447 2559 2558
f 2448 2449 2560
f 2448 2560 2559
f 2449 2450 2561
f 2449 2561 2560
f 2450 2451 2562
f 2450 2562 2561
f 2451 2452 2563
f 2451 2563 2562
f 2452 2453 2564
f 2452 2564 2563
f 2453 2454 2565
f 2453 2565 2564
f 2454 2455 2566
f 2454 2566 2565
f 2455 2456 2567
f 2455 2567 2566
f 2456 2457 2568
f 2456 2568 2567
f 2457 2458 2569
f 2457 2569 2568
f 2458 2459 2570
f 2458 2570 2569
f 2459 2460 2571
f 2459 2571 2570
f 2460 2461 2572
f 2460 2572 2571
f 2461 2462 2573
f 2461 2573 2572
f 2462 2463 2574
f 2462 2574 2573
f 2463 2464 2575
f 2463 2575 2574
f 2464 2465 2576
f 2464 2576 2575
f 2465 2466 2577
f 2465 2577 2576
f 2466 2467 2578
f 2466 2578 2577
f 2467 2468 2579
f 2467 2579 2578
f 2468 2469 2580
f 2468 2580 2579
f 2469 2470 2581
f 2469 2581 2580
f 2470 2471 2582
f 2470 2582 2581
f 2471 2472 2583
f 2471 2583 2582
f 2472 2473 2584
f 2472 2584 2583
f 2473 2474 2585
f 2473 2585 2584
f 2474 2475 2586
f 2474 2586 2585
f 2475 2476 2587
f 2475 2587 2586
f 2476 2477 2588
f 2476 2588 2587
f 2477 2478 2589
f 2477 2589 2588
f 2478 2479 2590
f 2478 2590 2589
f 2479 2480 2591
f 2479 2591 2590
f 2480 2481 2592
f 2480 2592 2591
f 2481 2482 2593
f 2481 2593 2592
f 2482 2483 2594
f 2482 2594 2593
f 2483 2484 2595
f 2483 2595 2594
f 2484 2485 2596
f 2484 2596 2595
f 2485 2486 2597
f 2485 2597 2596
f 2486 2487 2598
f 2486 2598 2597
f 2487 2488 2599
f 2487 2599 2598
f 2488 2489 2600
f 2488 2600 2599
f 2489 2490 2601
f 2489 2601 2600
f 2490 2491 2602
f 2490 2602 2601
f 2491 2492 2603
f 2491 2603 2602
f 2492 2493 2604
f 2492 2604 2603
f 2493 2494 2605
f 2493 2605 2604
f 2494 2495 2606
f 2494 2606 2605
f 2495 2496 2607
f 2495 2607 2606
f 2496 2497 2608
f 2496 2608 2607
f 2497 2498 2609
f 2497 2609 2608
f 2498 2499 2610
f 2498 2610 2609
f 2499 2500 2611
f 2499 2611 2610
f 2500 2501 2612
f 2500 2612 2611
f 2501 2502 2613
f 2501 2613 2612
f 2502 2503 2614
f 2502 2614 2613
f 2503 2504 2615
f 2503 2615 2614
f 2504 2505 2616
f 2504 2616 2615
f 2505 2506 2617
f 2505 2617 2616
f 2506 2507 2618
f 2506 2618 2617
f 2507 2508 2619
f 2507 2619 2618
f 2508 2509 2620
f 2508 2620 2619
f 2509 2510 2621
f 2509 2621 2620
f 2510 2511 2622
f 2510 2622 2621
f 2511 2512 2623
f 2511 2623 2622
f 2512 2513 2624
f 2512 2624 2623
f 2513 2514 2625
f 2513 2625 2624
f 2514 2515 2626
f 2514 2626 2625
f 2515 2516 2627
f 2515 2627 2626
f 2516 2517 2628
f 2516 2628 2627
f 2517 2518 2629
f 2517 2629 2628
f 2518 2519 2630
f 2518 2630 2629
f 2519 2520 2631
f 2519 2631 2630
f 2520 2521 2632
f 2520 2632 2631
f 2521 2411 2522
f 2521 2522 2632
f 2522 2523 2634
f 2522 2634 2633
f 2523 2524 2635
f 2523 2635 2634
f 2524 2525 2636
f 2524 2636 2635
f 2525 2526 2637
f 2525 2637 2636
f 2526 2527 2638
f 2526 2638 2637
f 2527 2528 2639
f 2527 2639 2638
f 2528 2529 2640
f 2528 2640 2639
f 2529 2530 2641
f 2529 2641 2640
f 2530 2531 2642
f 2530 2642 2641
f 2531 2532 2643
f 2531 2643 2642
f 2532 2533 2644
f 2532 2644 2643
f 2533 2534 2645
f 2533 2645 2644
f 2534 2535 2646
f 2534 2646 2645
f 2535 2536 2647
f 2535 2647 2646
f 2536 2537 2648
f 2536 2648 2647
f 2537 2538 2649
f 2537 2649 2648
f 2538 2539 2650
f 2538 2650 2649
f 2539 2540 2651
f 2539 2651 2650
f 2540 2541 2652
f 2540 2652 2651
f 2541 2542 2653
f 2541 2653 2652
f 2542 2543 2654
f 2542 2654 2653
f 2543 2544 2655
f 2543 2655 2654
f 2544 2545 2656
f 2544 2656 2655
f 2545 2546 2657
f 2545 2657 2656
f 2546 2547 2658
f 2546 2658 2657
f 2547 2548 2659
f 2547 2659 2658
f 2548 2549 2660
f 2548 2660 2659
f 2549 2550 2661
f 2549 2661 2660
f 2550 2551 2662
f 2550 2662 2661
f 2551 2552 2663
f 2551 2663 2662
f 2552 2553 2664
f 2552 2664 2663
f 2553 2554 2665
f 2553 2665 2664
f 2554 2555 2666
f 2554 2666 2665
f 2555 2556 2667
f 2555 2667 2666
f 2556 2557 2668
f 2556 2668 2667
f 2557 2558 2669
f 2557 2669 2668
f 2558 2559 2670
f 2558 2670 2669
f 2559 2560 2671
f 2559 2671 2670
f 2560 2561 2672
f 2560 2672 2671
f 2561 2562 2673
f 2561 2673 2672
f 2562 2563 2674
f 2562 2674 2673
f 2563 2564 2675
f 2563 2675 2674
f 2564 2565 2676
f 2564 2676 2675
f 2565 2566 2677
f 2565 2677 2676
f 2566 2567 2678
f 2566 2678 2677
f 2567 2568 2679
f 2567 2679 2678
f 2568 2569 2680
f 2568 2680 2679
f 2569 2570 2681
f 2569 2681 2680
f 2570 2571 2682
f 2570 2682 2681
f 2571 2572 2683
f 2571 2683 2682
f 2572 2573 2684
f 2572 2684 2683
f 2573 2574 2685
f 2573 2685 2684
f 2574 2575 2686
f 2574 2686 2685
f 2575 2576 2687
f 2575 2687 2686
f 2576 2577 2688
f 2576 2688 2687
f 2577 2578 2689
f 2577 2689 2688
f 2578 2579 2690
f 2578 2690 2689
f 2579 2580 2691
f 2579 2691 2690
f 2580 2581 2692
f 2580 2692 2691
f 2581 2582 2693
f 2581 2693 2692
f 2582 2583 2694
f 2582 2694 2693
f 2583 2584 2695
f 2583 2695 2694
f 2584 2585 2696
f 2584 2696 2695
f 2585 2586 2697
f 2585 2697 2696
f 2586 2587 2698
f 2586 2698 2697
f 2587 2588 2699
f 2587 2699 2698
f 2588 2589 2700
f 2588 2700 2699
f 2589 2590 2701
f 2589 2701 2700
f 2590 2591 2702
f 2590 2702 2701
f 2591 2592 2703
f 2591 2703 2702
f 2592 2593 2704
f 2592 2704 2703
f 2593 2594 2705
f 2593 2705 2704
f 2594 2595 2706
f 2594 2706 2705
f 2595 2596 2707
f 2595 2707 2706
f 2596 2597 2708
f 2596 2708 2707
f 2597 2598 2709
f 2597 2709 2708
f 2598 2599 2710
f 2598 2710 2709
f 2599 2600 2711
f 2599 2711 2710
f 2600 2601 2712
f 2600 2712 2711
f 2601 2602 2713
f 2601 2713 2712
f 2602 2603 2714
f 2602 2714 2713
f 2603 2604 2715
f 2603 2715 2714
f 2604 2605 2716
f 2604 2716 2715
f 2605 2606 2717
f 2605 2717 2716
f 2606 2607 2718
f 2606 2718 2717
f 2607 2608 2719
f 2607 2719 2718
f 2608 2609 2720
f 2608 2720 2719
f 2609 2610 2721
f 2609 2721 2720
f 2610 2611 2722
f 2610 2722 2721
f 2611 2612 2723
f 2611 2723 2722
f 2612 2613 2724
f 2612 2724 2723
f 2613 2614 2725
f 2613 2725 2724
f 2614 2615 2726
f 2614 2726 2725
f 2615 2616 2727
f 2615 2727 2726
f 2616 2617 2728
f 2616 2728 2727
f 2617 2618 2729
f 2617 2729 2728
f 2618 2619 2730
f 2618 2730 2729
f 2619 2620 2731
f 2619 2731 2730
f 2620 2621 2732
f 2620 2732 2731
f 2621 2622 2733
f 2621 2733 2732
f 2622 2623 2734
f 2622 2734 2733
f 2623 2624 2735
f 2623 2735 2734
f 2624 2625 2736
f 2624 2736 2735
f 2625 2626 2737
f 2625 2737 2736
f 2626 2627 2738
f 2626 2738 2737
f 2627 2628 2739
f 2627 2739 2738
f 2628 2629 2740
f 2628 2740 2739
f 2629 2630 2741
f 2629 2741 2740
f 2630 2631 2742
f 2630 2742 2741
f 2631 2632 2743
f 2631 2743 2742
f 2632 2522 2633
f 2632 2633 2743
f 2855 2856 2967
f 2855 2967 2966
f 2856 2857 2968
f 2856 2968 2967
f 2857 2858 2969
f 2857 2969 2968
f 2858 2859 2970
f 2858 2970 2969
f 2859 2860 2971
f 2859 2971 2970
f 2860 2861 2972
f 2860 2972 2971
f 2861 2862 2973
f 2861 2973 2972
f 2862 2863 2974
f 2862 2974 2973
f 2863 2864 2975
f 2863 2975 2974
f 2864 2865 2976
f 2864 2976 2975
f 2865 2866 2977
f 2865 2977 2976
f 2866 2867 2978
f 2866 2978 2977
f 2867 2868 2979
f 2867 2979 2978
f 2868 2869 2980
f 2868 2980 2979
f 2869 2870 2981
f 2869 2981 2980
f 2870 2871 2982
f 2870 2982 2981
f 2871 2872 2983
f 2871 2983 2982
f 2872 2873 2984
f 2872 2984 2983
f 2873 2874 2985
f 2873 2985 2984
f 2874 2875 2986
f 2874 2986 2985
f 2875 2876 2987
f 2875 2987 2986
f 2876 2877 2988
f 2876 2988 2987
f 2877 2878 2989
f 2877 2989 2988
f 2878 2879 2990
f 2878 2990 2989
f 2879 2880 2991
f 2879 2991 2990
f 2880 2881 2992
f 2880 2992 2991
f 2881 2882 2993
f 2881 2993 2992
f 2882 2883 2994
f 2882 2994 2993
f 2883 2884 2995
f 2883 2995 2994
f 2884 2885 2996
f 2884 2996 2995
f 2885 2886 2997
f 2885 2997 2996
f 2886 2887 2998
f 2886 2998 2997
f 2887 2888 2999
f 2887 2999 2998
f 2888 2889 3000
f 2888 3000 2999
f 2889 2890 3001
f 2889 3001 3000
f 2890 2891 3002
f 2890 3002 3001
f 2891 2892 3003
f 2891 3003 3002
f 2892 2893 3004
f 2892 3004 3003
f 2893 2894 3005
f 2893 3005 3004
f 2894 2895 3006
f 2894 3006 3005
f 2895 2896 3007
f 2895 3007 3006
f 2896 2897 3008
f 2896 3008 3007
f 2897 2898 3009
f 2897 3009 3008
f 2898 2899 3010
f 2898 3010 3009
f 2899 2900 3011
f 2899 3011 3010
f 2900 2901 3012
f 2900 3012 3011
f 2901 2902 3013
f 2901 3013 3012
f 2902 2903 3014
f 2902 3014 3013
f 2903 2904 3015
f 2903 3015 3014
f 2904 2905 3016
f 2904 3016 3015
f 2905 2906 3017
f 2905 3017 3016
f 2906 2907 3018
f 2906 3018 3017
f 2907 2908 3019
f 2907 3019 3018
f 2908 2909 3020
f 2908 3020 3019
f 2909 2910 3021
f 2909 3021 3020
f 2910 2911 3022
f 2910 3022 3021
f 2911 2912 3023
f 2911 3023 3022
f 2912 2913 3024
f 2912 3024 3023
f 2913 2914 3025
f 2913 3025 3024
f 2914 2915 3026
f 2914 3026 3025
f 2915 2916 3027
f 2915 3027 3026
f 2916 2917 3028
f 2916 3028 3027
f 2917 2918 3029
f 2917 3029 3028
f 2918 2919 3030
f 2918 3030 3029
f 2919 2920 3031
f 2919 3031 3030
f 2920 2921 3032
f 2920 3032 3031
f 2921 2922 3033
f 2921 3033 3032
f 2922 2923 3034
f 2922 3034 3033
f 2923 2924 3035
f 2923 3035 3034
f 2924 2925 3036
f 2924 3036 3035
f 2925 2926 3037
f 2925 3037 3036
f 2926 2927 3038
f 2926 3038 3037
f 2927 2928 3039
f 2927 3039 3038
f 2928 2929 3040
f 2928 3040 3039
f 2929 2930 3041
f 2929 3041 3040
f 2930 2931 3042
f 2930 3042 3041
f 2931 2932 3043
f 2931 3043 3042
f 2932 2933 3044
f 2932 3044 3043
f 2933 2934 3045
f 2933 3045 3044
f 2934 2935 3046
f 2934 3046 3045
f 2935 2936 3047
f 2935 3047 3046
f 2936 2937 3048
f 2936 3048 3047
f 2937 2938 3049
f 2937 3049 3048
f 2938 2939 3050
f 2938 3050 3049
f 2939 2940 3051
f 2939 3051 3050
f 2940 2941 3052
f 2940 3052 3051
f 2941 2942 3053
f 2941 3053 3052
f 2942 2943 3054
f 2942 3054 3053
f 2943 2944 3055
f 2943 3055 3054
f 2944 2945 3056
f 2944 3056 3055
f 2945 2946 3057
f 2945 3057 3056
f 2946 2947 3058
f 2946 3058 3057
f 2947 2948 3059
f 2947 3059 3058
f 2948 2949 3060
f 2948 3060 3059
f 2949 2950 3061
f 2949 3061 3060
f 2950 2951 3062
f 2950 3062 3061
f 2951 2952 3063
f 2951 3063 3062
f 2952 2953 3064
f 2952 3064 3063
f 2953 2954 3065
f 2953 3065 3064
f 2954 2955 3066
f 2954 3066 3065
f 2955 2956 3067
f 2955 3067 3066
f 2956 2957 3068
f 2956 3068 3067
f 2957 2958 3069
f 2957 3069 3068
f 2958 2959 3070
f 2958 3070 3069
f 2959 2960 3071
f 2959 3071 3070
f 2960 2961 3072
f 2960 3072 3071
f 2961 2962 3073
f 2961 3073 3072
f 2962 2963 3074
f 2962 3074 3073
f 2963 2964 3075
f 2963 3075 3074
f 2964 2965 3076
f 2964 3076 3075
f 2965 2855 2966
f 2965 2966 3076
f 2966 2967 3078
f 2966 3078 3077
f 2967 2968 3079
f 2967 3079 3078
f 2968 2969 3080
f 2968 3080 3079
f 2969 2970 3081
f 2969 3081 3080
f 2970 2971 3082
f 2970 3082 3081
f 2971 2972 3083
f 2971 3083 3082
f 2972 2973 3084
f 2972 3084 3083
f 2973 2974 3085
f 2973 3085 3084
f 2974 2975 3086
f 2974 3086 3085
f 2975 2976 3087
f 2975 3087 3086
f 2976 2977 3088
f 2976 3088 3087
f 2977 2978 3089
f 2977 3089 3088
f 2978 2979 3090
f 2978 3090 3089
f 2979 2980 3091
f 2979 3091 3090
f 2980 2981 3092
f 2980 3092 3091
f 2981 2982 3093
f 2981 3093 3092
f 2982 2983 3094
f 2982 3094 3093
f 2983 2984 3095
f 2983 3095 3094
f 2984 2985 3096
f 2984 3096 3095
f 2985 2986 3097
f 2985 3097 3096
f 2986 2987 3098
f 2986 3098 3097
f 2987 2988 3099
f 2987 3099 3098
f 2988 2989 3100
f 2988 3100 3099
f 2989 2990 3101
f 2989 3101 3100
f 2990 2991 3102
f 2990 3102 3101
f 2991 2992 3103
f 2991 3103 3102
f 2992 2993 3104
f 2992 3104 3103
f 2993 2994 3105
f 2993 3105 3104
f 2994 2995 3106
f 2994 3106 3105
f 2995 2996 3107
f 2995 3107 3106
f 2996 2997 3108
f 2996 3108 3107
f 2997 2998 3109
f 2997 3109 3108
f 2998 2999 3110
f 2998 3110 3109
f 2999 3000 3111
f 2999 3111 3110
f 3000 3001 3112
f 3000 3112 3111
f 3001 3002 3113
f 3001 3113 3112
f 3002 3003 3114
f 3002 3114 3113
f 3003 3004 3115
f 3003 3115 3114
f 3004 3005 3116
f 3004 3116 3115
f 3005 3006 3117
f 3005 3117 3116
f 3006 3007 3118
f 3006 3118 3117
f 3007 3008 3119
f 3007 3119 3118
f 3008 3009 3120
f 3008 3120 3119
f 3009 3010 3121
f 3009 3121 3120
f 3010 3011 3122
f 3010 3122 3121
f 3011 3012 3123
f 3011 3123 3122
f 3012 3013 3124
f 3012 3124 3123
f 3013 3014 3125
f 3013 3125 3124
f 3014 3015 3126
f 3014 3126 3125
f 3015 3016 3127
f 3015 3127 3126
f 3016 3017 3128
f 3016 3128 3127
f 3017 3018 3129
f 3017 3129 3128
f 3018 3019 3130
f 3018 3130 3129
f 3019 3020 3131
f 3019 3131 3130
f 3020 3021 3132
f 3020 3132 3131
f 3021 3022 3133
f 3021 3133 3132
f 3022 3023 3134
f 3022 3134 3133
f 3023 3024 3135
f 3023 3135 3134
f 3024 3025 3136
f 3024 3136 3135
f 3025 3026 3137
f 3025 3137 3136
f 3026 3027 3138
f 3026 3138 3137
f 3027 3028 3139
f 3027 3139 3138
f 3028 3029 3140
f 3028 3140 3139
f 3029 3030 3141
f 3029 3141 3140
f 3030 3031 3142
f 3030 3142 3141
f 3031 3032 3143
f 3031 3143 3142
f 3032 3033 3144
f 3032 3144 3143
f 3033 3034 3145
f 3033 3145 3144
f 3034 3035 3146
f 3034 3146 3145
f 3035 3036 3147
f 3035 3147 3146
f 3036 3037 3148
f 3036 3148 3147
f 3037 3038 3149
f 3037 3149 3148
f 3038 3039 3150
f 3038 3150 3149
f 3039 3040 3151
f 3039 3151 3150
f 3040 3041 3152
f 3040 3152 3151
f 3041 3042 3153
f 3041 3153 3152
f 3042 3043 3154
f 3042 3154 3153
f 3043 3044 3155
f 3043 3155 3154
f 3044 3045 3156
f 3044 3156 3155
f 3045 3046 3157
f 3045 3157 3156
f 3046 3047 3158
f 3046 3158 3157
f 3047 3048 3159
f 3047 3159 3158
f 3048 3049 3160
f 3048 3160 3159
f 3049 3050 3161
f 3049 3161 3160
f 3050 3051 3162
f 3050 3162 3161
f 3051 3052 3163
f 3051 3163 3162
f 3052 3053 3164
f 3052 3164 3163
f 3053 3054 3165
f 3053 3165 3164
f 3054 3055 3166
f 3054 3166 3165
f 3055 3056 3167
f 3055 3167 3166
f 3056 3057 3168
f 3056 3168 3167
f 3057 3058 3169
f 3057 3169 3168
f 3058 3059 3170
f 3058 3170 3169
f 3059 3060 3171
f 3059 3171 3170
f 3060 3061 3172
f 3060 3172 3171
f 3061 3062 3173
f 3061 3173 3172
f 3062 3063 3174
f 3062 3174 3173
f 3063 3064 3175
f 3063 3175 3174
f 3064 3065 3176
f 3064 3176 3175
f 3065 3066 3177
f 3065 3177 3176
f 3066 3067 3178
f 3066 3178 3177
f 3067 3068 3179
f 3067 3179 3178
f 3068 3069 3180
f 3068 3180 3179
f 3069 3070 3181
f 3069 3181 3180
f 3070 3071 3182
f 3070 3182 3181
f 3071 3072 3183
f 3071 3183 3182
f 3072 3073 3184
f 3072 3184 3183
f 3073 3074 3185
f 3073 3185 3184
f 3074 3075 3186
f 3074 3186 3185
f 3075 3076 3187
f 3075 3187 3186
f 3076 2966 3077
f 3076 3077 3187
f 3299 2744 2745
f 3299 2745 2746
f 3299 2746 2747
f 3299 2747 2748
f 3299 2748 2749
f 3299 2749 2750
f 3299 2750 2751
f 3299 2751 2752
f 3299 2752 2753
f 3299 2753 2754
f 3299 2754 2755
f 3299 2755 2756
f 3299 2756 2757
f 3299 2757 2758
f 3299 2758 2759
f 3299 2759 2760
f 3299 2760 2761
f 3299 2761 2762
f 3299 2762 2763
f 3299 2763 2764
f 3299 2764 2765
f 3299 2765 2766
f 3299 2766 2767
f 3299 2767 2768
f 3299 2768 2769
f 3299 2769 2770
f 3299 2770 2771
f 3299 2771 2772
f 3299 2772 2773
f 3299 2773 2774
f 3299 2774 2775
f 3299 2775 2776
f 3299 2776 2777
f 3299 2777 2778
f 3299 2778 2779
f 3299 2779 2780
f 3299 2780 2781
f 3299 2781 2782
f 3299 2782 2783
f 3299 2783 2784
f 3299 2784 2785
f 3299 2785 2786
f 3299 2786 2787
f 3299 2787 2788
f 3299 2788 2789
f 3299 2789 2790
f 3299 2790 2791
f 3299 2791 2792
f 3299 2792 2793
f 3299 2793 2794
f 3299 2794 2795
f 3299 2795 2796
f 3299 2796 2797
f 3299 2797 2798
f 3299 2798 2799
f 3299 2799 2800
f 3299 2800 2801
f 3299 2801 2802
f 3299 2802 2803
f 3299 2803 2804
f 3299 2804 2805
f 3299 2805 2806
f 3299 2806 2807
f 3299 2807 2808
f 3299 2808 2809
f 3299 2809 2810
f 3299 2810 2811
f 3299 2811 2812
f 3299 2812 2813
f 3299 2813 2814
f 3299 2814 2815
f 3299 2815 2816
f 3299 2816 2817
f 3299 2817 2818
f 3299 2818 2819
f 3299 2819 2820
f 3299 2820 2821
f 3299 2821 2822
f 3299 2822 2823
f 3299 2823 2824
f 3299 2824 2825
f 3299 2825 2826
f 3299 2826 2827
f 3299 2827 2828
f 3299 2828 2829
f 3299 2829 2830
f 3299 2830 2831
f 3299 2831 2832
f 3299 2832 2833
f 3299 2833 2834
f 3299 2834 2835
f 3299 2835 2836
f 3299 2836 2837
f 3299 2837 2838
f 3299 2838 2839
f 3299 2839 2840
f 3299 2840 2841
f 3299 2841 2842
f 3299 2842 2843
f 3299 2843 2844
f 3299 2844 2845
f 3299 2845 2846
f 3299 2846 2847
f 3299 2847 2848
f 3299 2848 2849
f 3299 2849 2850
f 3299 2850 2851
f 3299 2851 2852
f 3299 2852 2853
f 3299 2853 2854
f 3299 2854 2744
f 3300 3189 3188
f 3300 3190 3189
f 3300 3191 3190
f 3300 3192 3191
f 3300 3193 3192
f 3300 3194 3193
f 3300 3195 3194
f 3300 3196 3195
f 3300 3197 3196
f 3300 3198 3197
f 3300 3199 3198
f 3300 3200 3199
f 3300 3201 3200
f 3300 3202 3201
f 3300 3203 3202
f 3300 3204 3203
f 3300 3205 3204
f 3300 3206 3205
f 3300 3207 3206
f 3300 3208 3207
f 3300 3209 3208
f 3300 3210 3209
f 3300 3211 3210
f 3300 3212 3211
f 3300 3213 3212
f 3300 3214 3213
f 3300 3215 3214
f 3300 3216 3215
f 3300 3217 3216
f 3300 3218 3217
f 3300 3219 3218
f 3300 3220 3219
f 3300 3221 3220
f 3300 3222 3221
f 3300 3223 3222
f 3300 3224 3223
f 3300 3225 3224
f 3300 3226 3225
f 3300 3227 3226
f 3300 3228 3227
f 3300 3229 3228
f 3300 3230 3229
f 3300 3231 3230
f 3300 3232 3231
f 3300 3233 3232
f 3300 3234 3233
f 3300 3235 3234
f 3300 3236 3235
f 3300 3237 3236
f 3300 3238 3237
f 3300 3239 3238
f 3300 3240 3239
f 3300 3241 3240
f 3300 3242 3241
f 3300 3243 3242
f 3300 3244 3243
f 3300 3245 3244
f 3300 3246 3245
f 3300 3247 3246
f 3300 3248 3247
f 3300 3249 3248
f 3300 3250 3249
f 3300 3251 3250
f 3300 3252 3251
f 3300 3253 3252
f 3300 3254 3253
f 3300 3255 3254
f 3300 3256 3255
f 3300 3257 3256
f 3300 3258 3257
f 3300 3259 3258
f 3300 3260 3259
f 3300 3261 3260
f 3300 3262 3261
f 3300 3263 3262
f 3300 3264 3263
f 3300 3265 3264
f 3300 3266 3265
f 3300 3267 3266
f 3300 3268 3267
f 3300 3269 3268
f 3300 3270 3269
f 3300 3271 3270
f 3300 3272 3271
f 3300 3273 3272
f 3300 3274 3273
f 3300 3275 3274
f 3300 3276 3275
f 3300 3277 3276
f 3300 3278 3277
f 3300 3279 3278
f 3300 3280 3279
f 3300 3281 3280
f 3300 3282 3281
f 3300 3283 3282
f 3300 3284 3283
f 3300 3285 3284
f 3300 3286 3285
f 3300 3287 3286
f 3300 3288 3287
f 3300 3289 3288
f 3300 3290 3289
f 3300 3291 3290
f 3300 3292 3291
f 3300 3293 3292
f 3300 3294 3293
f 3300 3295 3294
f 3300 3296 3295
f 3300 3297 3296
f 3300 3298 3297
f 3300 3188 3298
f 3301 3304 3303
f 3301 3305 3304
f 3301 3306 3305
f 3301 3307 3306
f 3301 3308 3307
f 3301 3309 3308
f 3301 3310 3309
f 3301 3311 3310
f 3301 3312 3311
f 3301 3313 3312
f 3301 3314 3313
f 3301 3315 3314
f 3301 3316 3315
f 3301 3317 3316
f 3301 3318 3317
f 3301 3319 3318
f 3301 3320 3319
f 3301 3321 3320
f 3301 3322 3321
f 3301 3323 3322
f 3301 3324 3323
f 3301 3325 3324
f 3301 3326 3325
f 3301 3327 3326
f 3301 3328 3327
f 3301 3329 3328
f 3301 3330 3329
f 3301 3303 3330
f 3303 3304 3332
f 3303 3332 3331
f 3304 3305 3333
f 3304 3333 3332
f 3305 3306 3334
f 3305 3334 3333
f 3306 3307 3335
f 3306 3335 3334
f 3307 3308 3336
f 3307 3336 3335
f 3308 3309 3337
f 3308 3337 3336
f 3309 3310 3338
f 3309 3338 3337
f 3310 3311 3339
f 3310 3339 3338
f 3311 3312 3340
f 3311 3340 3339
f 3312 3313 3341
f 3312 3341 3340
f 3313 3314 3342
f 3313 3342 3341
f 3314 3315 3343
f 3314 3343 3342
f 3315 3316 3344
f 3315 3344 3343
f 3316 3317 3345
f 3316 3345 3344
f 3317 3318 3346
f 3317 3346 3345
f 3318 3319 3347
f 3318 3347 3346
f 3319 3320 3348
f 3319 3348 3347
f 3320 3321 3349
f 3320 3349 3348
f 3321 3322 3350
f 3321 3350 3349
f 3322 3323 3351
f 3322 3351 3350
f 3323 3324 3352
f 3323 3352 3351
f 3324 3325 3353
f 3324 3353 3352
f 3325 3326 3354
f 3325 3354 3353
f 3326 3327 3355
f 3326 3355 3354
f 3327 3328 3356
f 3327 3356 3355
f 3328 3329 3357
f 3328 3357 3356
f 3329 3330 3358
f 3329 3358 3357
f 3330 3303 3331
f 3330 3331 3358
f 3331 3332 3360
f 3331 3360 3359
f 3332 3333 3361
f 3332 3361 3360
f 3333 3334 3362
f 3333 3362 3361
f 3334 3335 3363
f 3334 3363 3362
f 3335 3336 3364
f 3335 3364 3363
f 3336 3337 3365
f 3336 3365 3364
f 3337 3338 3366
f 3337 3366 3365
f 3338 3339 3367
f 3338 3367 3366
f 3339 3340 3368
f 3339 3368 3367
f 3340 3341 3369
f 3340 3369 3368
f 3341 3342 3370
f 3341 3370 3369
f 3342 3343 3371
f 3342 3371 3370
f 3343 3344 3372
f 3343 3372 3371
f 3344 3345 3373
f 3344 3373 3372
f 3345 3346 3374
f 3345 3374 3373
f 3346 3347 3375
f 3346 3375 3374
f 3347 3348 3376
f 3347 3376 3375
f 3348 3349 3377
f 3348 3377 3376
f 3349 3350 3378
f 3349 3378 3377
f 3350 3351 3379
f 3350 3379 3378
f 3351 3352 3380
f 3351 3380 3379
f 3352 3353 3381
f 3352 3381 3380
f 3353 3354 3382
f 3353 3382 3381
f 3354 3355 3383
f 3354 3383 3382
f 3355 3356 3384
f 3355 3384 3383
f 3356 3357 3385
f 3356 3385 3384
f 3357 3358 3386
f 3357 3386 3385
f 3358 3331 3359
f 3358 3359 3386
f 3359 3360 3388
f 3359 3388 3387
f 3360 3361 3389
f 3360 3389 3388
f 3361 3362 3390
f 3361 3390 3389
f 3362 3363 3391
f 3362 3391 3390
f 3363 3364 3392
f 3363 3392 3391
f 3364 3365 3393
f 3364 3393 3392
f 3365 3366 3394
f 3365 3394 3393
f 3366 3367 3395
f 3366 3395 3394
f 3367 3368 3396
f 3367 3396 3395
f 3368 3369 3397
f 3368 3397 3396
f 3369 3370 3398
f 3369 3398 3397
f 3370 3371 3399
f 3370 3399 3398
f 3371 3372 3400
f 3371 3400 3399
f 3372 3373 3401
f 3372 3401 3400
f 3373 3374 3402
f 3373 3402 3401
f 3374 3375 3403
f 3374 3403 3402
f 3375 3376 3404
f 3375 3404 3403
f 3376 3377 3405
f 3376 3405 3404
f 3377 3378 3406
f 3377 3406 3405
f 3378 3379 3407
f 3378 3407 3406
f 3379 3380 3408
f 3379 3408 3407
f 3380 3381 3409
f 3380 3409 3408
f 3381 3382 3410
f 3381 3410 3409
f 3382 3383 3411
f 3382 3411 3410
f 3383 3384 3412
f 3383 3412 3411
f 3384 3385 3413
f 3384 3413 3412
f 3385 3386 3414
f 3385 3414 3413
f 3386 3359 3387
f 3386 3387 3414
f 3387 3388 3416
f 3387 3416 3415
f 3388 3389 3417
f 3388 3417 3416
f 3389 3390 3418
f 3389 3418 3417
f 3390 3391 3419
f 3390 3419 3418
f 3391 3392 3420
f 3391 3420 3419
f 3392 3393 3421
f 3392 3421 3420
f 3393 3394 3422
f 3393 3422 3421
f 3394 3395 3423
f 3394 3423 3422
f 3395 3396 3424
f 3395 3424 3423
f 3396 3397 3425
f 3396 3425 3424
f 3397 3398 3426
f 3397 3426 3425
f 3398 3399 3427
f 3398 3427 3426
f 3399 3400 3428
f 3399 3428 3427
f 3400 3401 3429
f 3400 3429 3428
f 3401 3402 3430
f 3401 3430 3429
f 3402 3403 3431
f 3402 3431 3430
f 3403 3404 3432
f 3403 3432 3431
f 3404 3405 3433
f 3404 3433 3432
f 3405 3406 3434
f 3405 3434 3433
f 3406 3407 3435
f 3406 3435 3434
f 3407 3408 3436
f 3407 3436 3435
f 3408 3409 3437
f 3408 3437 3436
f 3409 3410 3438
f 3409 3438 3437
f 3410 3411 3439
f 3410 3439 3438
f 3411 3412 3440
f 3411 3440 3439
f 3412 3413 3441
f 3412 3441 3440
f 3413 3414 3442
f 3413 3442 3441
f 3414 3387 3415
f 3414 3415 3442
f 3415 3416 3444
f 3415 3444 3443
f 3416 3417 3445
f 3416 3445 3444
f 3417 3418 3446
f 3417 3446 3445
f 3418 3419 3447
f 3418 3447 3446
f 3419 3420 3448
f 3419 3448 3447
f 3420 3421 3449
f 3420 3449 3448
f 3421 3422 3450
f 3421 3450 3449
f 3422 3423 3451
f 3422 3451 3450
f 3423 3424 3452
f 3423 3452 3451
f 3424 3425 3453
f 3424 3453 3452
f 3425 3426 3454
f 3425 3454 3453
f 3426 3427 3455
f 3426 3455 3454
f 3427 3428 3456
f 3427 3456 3455
f 3428 3429 3457
f 3428 3457 3456
f 3429 3430 3458
f 3429 3458 3457
f 3430 3431 3459
f 3430 3459 3458
f 3431 3432 3460
f 3431 3460 3459
f 3432 3433 3461
f 3432 3461 3460
f 3433 3434 3462
f 3433 3462 3461
f 3434 3435 3463
f 3434 3463 3462
f 3435 3436 3464
f 3435 3464 3463
f 3436 3437 3465
f 3436 3465 3464
f 3437 3438 3466
f 3437 3466 3465
f 3438 3439 3467
f 3438 3467 3466
f 3439 3440 3468
f 3439 3468 3467
f 3440 3441 3469
f 3440 3469 3468
f 3441 3442 3470
f 3441 3470 3469
f 3442 3415 3443
f 3442 3443 3470
f 3443 3444 3472
f 3443 3472 3471
f 3444 3445 3473
f 3444 3473 3472
f 3445 3446 3474
f 3445 3474 3473
f 3446 3447 3475
f 3446 3475 3474
f 3447 3448 3476
f 3447 3476 3475
f 3448 3449 3477
f 3448 3477 3476
f 3449 3450 3478
f 3449 3478 3477
f 3450 3451 3479
f 3450 3479 3478
f 3451 3452 3480
f 3451 3480 3479
f 3452 3453 3481
f 3452 3481 3480
f 3453 3454 3482
f 3453 3482 3481
f 3454 3455 3483
f 3454 3483 3482
f 3455 3456 3484
f 3455 3484 3483
f 3456 3457 3485
f 3456 3485 3484
f 3457 3458 3486
f 3457 3486 3485
f 3458 3459 3487
f 3458 3487 3486
f 3459 3460 3488
f 3459 3488 3487
f 3460 3461 3489
f 3460 3489 3488
f 3461 3462 3490
f 3461 3490 3489
f 3462 3463 3491
f 3462 3491 3490
f 3463 3464 3492
f 3463 3492 3491
f 3464 3465 3493
f 3464 3493 3492
f 3465 3466 3494
f 3465 3494 3493
f 3466 3467 3495
f 3466 3495 3494
f 3467 3468 3496
f 3467 3496 3495
f 3468 3469 3497
f 3468 3497 3496
f 3469 3470 3498
f 3469 3498 3497
f 3470 3443 3471
f 3470 3471 3498
f 3471 3472 3500
f 3471 3500 3499
f 3472 3473 3501
f 3472 3501 3500
f 3473 3474 3502
f 3473 3502 3501
f 3474 3475 3503
f 3474 3503 3502
f 3475 3476 3504
f 3475 3504 3503
f 3476 3477 3505
f 3476 3505 3504
f 3477 3478 3506
f 3477 3506 3505
f 3478 3479 3507
f 3478 3507 3506
f 3479 3480 3508
f 3479 3508 3507
f 3480 3481 3509
f 3480 3509 3508
f 3481 3482 3510
f 3481 3510 3509
f 3482 3483 3511
f 3482 3511 3510
f 3483 3484 3512
f 3483 3512 3511
f 3484 3485 3513
f 3484 3513 3512
f 3485 3486 3514
f 3485 3514 3513
f 3486 3487 3515
f 3486 3515 3514
f 3487 3488 3516
f 3487 3516 3515
f 3488 3489 3517
f 3488 3517 3516
f 3489 3490 3518
f 3489 3518 3517
f 3490 3491 3519
f 3490 3519 3518
f 3491 3492 3520
f 3491 3520 3519
f 3492 3493 3521
f 3492 3521 3520
f 3493 3494 3522
f 3493 3522 3521
f 3494 3495 3523
f 3494 3523 3522
f 3495 3496 3524
f 3495 3524 3523
f 3496 3497 3525
f 3496 3525 3524
f 3497 3498 3526
f 3497 3526 3525
f 3498 3471 3499
f 3498 3499 3526
f 3499 3500 3528
f 3499 3528 3527
f 3500 3501 3529
f 3500 3529 3528
f 3501 3502 3530
f 3501 3530 3529
f 3502 3503 3531
f 3502 3531 3530
f 3503 3504 3532
f 3503 3532 3531
f 3504 3505 3533
f 3504 3533 3532
f 3505 3506 3534
f 3505 3534 3533
f 3506 3507 3535
f 3506 3535 3534
f 3507 3508 3536
f 3507 3536 3535
f 3508 3509 3537
f 3508 3537 3536
f 3509 3510 3538
f 3509 3538 3537
f 3510 3511 3539
f 3510 3539 3538
f 3511 3512 3540
f 3511 3540 3539
f 3512 3513 3541
f 3512 3541 3540
f 3513 3514 3542
f 3513 3542 3541
f 3514 3515 3543
f 3514 3543 3542
f 3515 3516 3544
f 3515 3544 3543
f 3516 3517 3545
f 3516 3545 3544
f 3517 3518 3546
f 3517 3546 3545
f 3518 3519 3547
f 3518 3547 3546
f 3519 3520 3548
f 3519 3548 3547
f 3520 3521 3549
f 3520 3549 3548
f 3521 3522 3550
f 3521 3550 3549
f 3522 3523 3551
f 3522 3551 3550
f 3523 3524 3552
f 3523 3552 3551
f 3524 3525 3553
f 3524 3553 3552
f 3525 3526 3554
f 3525 3554 3553
f 3526 3499 3527
f 3526 3527 3554
f 3527 3528 3556
f 3527 3556 3555
f 3528 3529 3557
f 3528 3557 3556
f 3529 3530 3558
f 3529 3558 3557
f 3530 3531 3559
f 3530 3559 3558
f 3531 3532 3560
f 3531 3560 3559
f 3532 3533 3561
f 3532 3561 3560
f 3533 3534 3562
f 3533 3562 3561
f 3534 3535 3563
f 3534 3563 3562
f 3535 3536 3564
f 3535 3564 3563
f 3536 3537 3565
f 3536 3565 3564
f 3537 3538 3566
f 3537 3566 3565
f 3538 3539 3567
f 3538 3567 3566
f 3539 3540 3568
f 3539 3568 3567
f 3540 3541 3569
f 3540 3569 3568
f 3541 3542 3570
f 3541 3570 3569
f 3542 3543 3571
f 3542 3571 3570
f 3543 3544 3572
f 3543 3572 3571
f 3544 3545 3573
f 3544 3573 3572
f 3545 3546 3574
f 3545 3574 3573
f 3546 3547 3575
f 3546 3575 3574
f 3547 3548 3576
f 3547 3576 3575
f 3548 3549 3577
f 3548 3577 3576
f 3549 3550 3578
f 3549 3578 3577
f 3550 3551 3579
f 3550 3579 3578
f 3551 3552 3580
f 3551 3580 3579
f 3552 3553 3581
f 3552 3581 3580
f 3553 3554 3582
f 3553 3582 3581
f 3554 3527 3555
f 3554 3555 3582
f 3555 3556 3584
f 3555 3584 3583
f 3556 3557 3585
f 3556 3585 3584
f 3557 3558 3586
f 3557 3586 3585
f 3558 3559 3587
f 3558 3587 3586
f 3559 3560 3588
f 3559 3588 3587
f 3560 3561 3589
f 3560 3589 3588
f 3561 3562 3590
f 3561 3590 3589
f 3562 3563 3591
f 3562 3591 3590
f 3563 3564 3592
f 3563 3592 3591
f 3564 3565 3593
f 3564 3593 3592
f 3565 3566 3594
f 3565 3594 3593
f 3566 3567 3595
f 3566 3595 3594
f 3567 3568 3596
f 3567 3596 3595
f 3568 3569 3597
f 3568 3597 3596
f 3569 3570 3598
f 3569 3598 3597
f 3570 3571 3599
f 3570 3599 3598
f 3571 3572 3600
f 3571 3600 3599
f 3572 3573 3601
f 3572 3601 3600
f 3573 3574 3602
f 3573 3602 3601
f 3574 3575 3603
f 3574 3603 3602
f 3575 3576 3604
f 3575 3604 3603
f 3576 3577 3605
f 3576 3605 3604
f 3577 3578 3606
f 3577 3606 3605
f 3578 3579 3607
f 3578 3607 3606
f 3579 3580 3608
f 3579 3608 3607
f 3580 3581 3609
f 3580 3609 3608
f 3581 3582 3610
f 3581 3610 3609
f 3582 3555 3583
f 3582 3583 3610
f 3583 3584 3612
f 3583 3612 3611
f 3584 3585 3613
f 3584 3613 3612
f 3585 3586 3614
f 3585 3614 3613
f 3586 3587 3615
f 3586 3615 3614
f 3587 3588 3616
f 3587 3616 3615
f 3588 3589 3617
f 3588 3617 3616
f 3589 3590 3618
f 3589 3618 3617
f 3590 3591 3619
f 3590 3619 3618
f 3591 3592 3620
f 3591 3620 3619
f 3592 3593 3621
f 3592 3621 3620
f 3593 3594 3622
f 3593 3622 3621
f 3594 3595 3623
f 3594 3623 3622
f 3595 3596 3624
f 3595 3624 3623
f 3596 3597 3625
f 3596 3625 3624
f 3597 3598 3626
f 3597 3626 3625
f 3598 3599 3627
f 3598 3627 3626
f 3599 3600 3628
f 3599 3628 3627
f 3600 3601 3629
f 3600 3629 3628
f 3601 3602 3630
f 3601 3630 3629
f 3602 3603 3631
f 3602 3631 3630
f 3603 3604 3632
f 3603 3632 3631
f 3604 3605 3633
f 3604 3633 3632
f 3605 3606 3634
f 3605 3634 3633
f 3606 3607 3635
f 3606 3635 3634
f 3607 3608 3636
f 3607 3636 3635
f 3608 3609 3637
f 3608 3637 3636
f 3609 3610 3638
f 3609 3638 3637
f 3610 3583 3611
f 3610 3611 3638
f 3611 3612 3640
f 3611 3640 3639
f 3612 3613 3641
f 3612 3641 3640
f 3613 3614 3642
f 3613 3642 3641
f 3614 3615 3643
f 3614 3643 3642
f 3615 3616 3644
f 3615 3644 3643
f 3616 3617 3645
f 3616 3645 3644
f 3617 3618 3646
f 3617 3646 3645
f 3618 3619 3647
f 3618 3647 3646
f 3619 3620 3648
f 3619 3648 3647
f 3620 3621 3649
f 3620 3649 3648
f 3621 3622 3650
f 3621 3650 3649
f 3622 3623 3651
f 3622 3651 3650
f 3623 3624 3652
f 3623 3652 3651
f 3624 3625 3653
f 3624 3653 3652
f 3625 3626 3654
f 3625 3654 3653
f 3626 3627 3655
f 3626 3655 3654
f 3627 3628 3656
f 3627 3656 3655
f 3628 3629 3657
f 3628 3657 3656
f 3629 3630 3658
f 3629 3658 3657
f 3630 3631 3659
f 3630 3659 3658
f 3631 3632 3660
f 3631 3660 3659
f 3632 3633 3661
f 3632 3661 3660
f 3633 3634 3662
f 3633 3662 3661
f 3634 3635 3663
f 3634 3663 3662
f 3635 3636 3664
f 3635 3664 3663
f 3636 3637 3665
f 3636 3665 3664
f 3637 3638 3666
f 3637 3666 3665
f 3638 3611 3639
f 3638 3639 3666
f 3639 3640 3668
f 3639 3668 3667
f 3640 3641 3669
f 3640 3669 3668
f 3641 3642 3670
f 3641 3670 3669
f 3642 3643 3671
f 3642 3671 3670
f 3643 3644 3672
f 3643 3672 3671
f 3644 3645 3673
f 3644 3673 3672
f 3645 3646 3674
f 3645 3674 3673
f 3646 3647 3675
f 3646 3675 3674
f 3647 3648 3676
f 3647 3676 3675
f 3648 3649 3677
f 3648 3677 3676
f 3649 3650 3678
f 3649 3678 3677
f 3650 3651 3679
f 3650 3679 3678
f 3651 3652 3680
f 3651 3680 3679
f 3652 3653 3681
f 3652 3681 3680
f 3653 3654 3682
f 3653 3682 3681
f 3654 3655 3683
f 3654 3683 3682
f 3655 3656 3684
f 3655 3684 3683
f 3656 3657 3685
f 3656 3685 3684
f 3657 3658 3686
f 3657 3686 3685
f 3658 3659 3687
f 3658 3687 3686
f 3659 3660 3688
f 3659 3688 3687
f 3660 3661 3689
f 3660 3689 3688
f 3661 3662 3690
f 3661 3690 3689
f 3662 3663 3691
f 3662 3691 3690
f 3663 3664 3692
f 3663 3692 3691
f 3664 3665 3693
f 3664 3693 3692
f 3665 3666 3694
f 3665 3694 3693
f 3666 3639 3667
f 3666 3667 3694
f 3667 3668 3696
f 3667 3696 3695
f 3668 3669 3697
f 3668 3697 3696
f 3669 3670 3698
f 3669 3698 3697
f 3670 3671 3699
f 3670 3699 3698
f 3671 3672 3700
f 3671 3700 3699
f 3672 3673 3701
f 3672 3701 3700
f 3673 3674 3702
f 3673 3702 3701
f 3674 3675 3703
f 3674 3703 3702
f 3675 3676 3704
f 3675 3704 3703
f 3676 3677 3705
f 3676 3705 3704
f 3677 3678 3706
f 3677 3706 3705
f 3678 3679 3707
f 3678 3707 3706
f 3679 3680 3708
f 3679 3708 3707
f 3680 3681 3709
f 3680 3709 3708
f 3681 3682 3710
f 3681 3710 3709
f 3682 3683 3711
f 3682 3711 3710
f 3683 3684 3712
f 3683 3712 3711
f 3684 3685 3713
f 3684 3713 3712
f 3685 3686 3714
f 3685 3714 3713
f 3686 3687 3715
f 3686 3715 3714
f 3687 3688 3716
f 3687 3716 3715
f 3688 3689 3717
f 3688 3717 3716
f 3689 3690 3718
f 3689 3718 3717
f 3690 3691 3719
f 3690 3719 3718
f 3691 3692 3720
f 3691 3720 3719
f 3692 3693 3721
f 3692 3721 3720
f 3693 3694 3722
f 3693 3722 3721
f 3694 3667 3695
f 3694 3695 3722
f 3695 3696 3724
f 3695 3724 3723
f 3696 3697 3725
f 3696 3725 3724
f 3697 3698 3726
f 3697 3726 3725
f 3698 3699 3727
f 3698 3727 3726
f 3699 3700 3728
f 3699 3728 3727
f 3700 3701 3729
f 3700 3729 3728
f 3701 3702 3730
f 3701 3730 3729
f 3702 3703 3731
f 3702 3731 3730
f 3703 3704 3732
f 3703 3732 3731
f 3704 3705 3733
f 3704 3733 3732
f 3705 3706 3734
f 3705 3734 3733
f 3706 3707 3735
f 3706 3735 3734
f 3707 3708 3736
f 3707 3736 3735
f 3708 3709 3737
f 3708 3737 3736
f 3709 3710 3738
f 3709 3738 3737
f 3710 3711 3739
f 3710 3739 3738
f 3711 3712 3740
f 3711 3740 3739
f 3712 3713 3741
f 3712 3741 3740
f 3713 3714 3742
f 3713 3742 3741
f 3714 3715 3743
f 3714 3743 3742
f 3715 3716 3744
f 3715 3744 3743
f 3716 3717 3745
f 3716 3745 3744
f 3717 3718 3746
f 3717 3746 3745
f 3718 3719 3747
f 3718 3747 3746
f 3719 3720 3748
f 3719 3748 3747
f 3720 3721 3749
f 3720 3749 3748
f 3721 3722 3750
f 3721 3750 3749
f 3722 3695 3723
f 3722 3723 3750
f 3723 3724 3752
f 3723 3752 3751
f 3724 3725 3753
f 3724 3753 3752
f 3725 3726 3754
f 3725 3754 3753
f 3726 3727 3755
f 3726 3755 3754
f 3727 3728 3756
f 3727 3756 3755
f 3728 3729 3757
f 3728 3757 3756
f 3729 3730 3758
f 3729 3758 3757
f 3730 3731 3759
f 3730 3759 3758
f 3731 3732 3760
f 3731 3760 3759
f 3732 3733 3761
f 3732 3761 3760
f 3733 3734 3762
f 3733 3762 3761
f 3734 3735 3763
f 3734 3763 3762
f 3735 3736 3764
f 3735 3764 3763
f 3736 3737 3765
f 3736 3765 3764
f 3737 3738 3766
f 3737 3766 3765
f 3738 3739 3767
f 3738 3767 3766
f 3739 3740 3768
f 3739 3768 3767
f 3740 3741 3769
f 3740 3769 3768
f 3741 3742 3770
f 3741 3770 3769
f 3742 3743 3771
f 3742 3771 3770
f 3743 3744 3772
f 3743 3772 3771
f 3744 3745 3773
f 3744 3773 3772
f 3745 3746 3774
f 3745 3774 3773
f 3746 3747 3775
f 3746 3775 3774
f 3747 3748 3776
f 3747 3776 3775
f 3748 3749 3777
f 3748 3777 3776
f 3749 3750 3778
f 3749 3778 3777
f 3750 3723 3751
f 3750 3751 3778
f 3302 3751 3752
f 3302 3752 3753
f 3302 3753 3754
f 3302 3754 3755
f 3302 3755 3756
f 3302 3756 3757
f 3302 3757 3758
f 3302 3758 3759
f 3302 3759 3760
f 3302 3760 3761
f 3302 3761 3762
f 3302 3762 3763
f 3302 3763 3764
f 3302 3764 3765
f 3302 3765 3766
f 3302 3766 3767
f 3302 3767 3768
f 3302 3768 3769
f 3302 3769 3770
f 3302 3770 3771
f 3302 3771 3772
f 3302 3772 3773
f 3302 3773 3774
f 3302 3774 3775
f 3302 3775 3776
f 3302 3776 3777
f 3302 3777 3778
f 3302 3778 3751
